c_id,title,year,release,rating
3178,The Gang (2000),2000,28-04-2000,90
3232,Punaradhivaasam (2000),2000,,67
3235,Mark Antony (2000),2000,,89
3237,Priyankari (2000),2000,,20
3238,Manassil Oru Manjuthulli (2000),2000,,20
3239,Sradha (2000),2000,07-07-2000,81
3241,Life is Beautiful (2000),2000,,89
3244,Joker (2000),2000,29-10-2000,95
3247,Ingane Oru Nilaappakshi (2000),2000,,75
3248,Cover Story (2000),2000,,80
3249,Millenium Stars (2000),2000,,94
3250,Naadan Pennum Naattupramaaniyum (2000),2000,,92
3251,Daadaasaahib (2000),2000,,90
3252,Varnakkaazhchakal (2000),2000,08-10-2000,88
3253,Daivathinte Makan (2000),2000,05-05-2000,88
3254,Darling Darling (2000),2000,,81
3255,Kochu Kochu Santhoshangal (2000),2000,,89
3256,Devadoothan (2000),2000,,97
3257,Ayyappantamma Neyyappam Chuttu (2000),2000,,97
3261,Vinayapoorvam Vidyaadharan (2000),2000,10-06-2000,44
3264,Thankathoni (2000),2000,,71
3266,Mera Naam Joker (2000),2000,,64
3268,Swayamvarappanthal (2000),2000,,89
3271,India Gate (2000),2000,,30
3272,Summer Palace (2000),2000,,78
3274,Susanna (2000),2000,11-11-2000,65
3276,Narasimham (2000),2000,26-01-2000,90
3277,Pilots (2000),2000,04-06-2000,86
3278,Sathyameva Jayathe (2000),2000,,94
3279,Madhuranombarakkaattu (2000),2000,,93
3280,Valyettan (2000),2000,,93
3281,Indriyam (2000),2000,09-08-2000,87
3283,Karunam (2000),2000,,72
3284,Priyam (2000),2000,,89
3285,Raakkilippaattu (2007),2007,15-02-2007,96
3286,Kinnaarathumbikal (2000),2000,03-10-2000,62
3288,Kallukondoru Pennu (2000),2000,,35
3290,Mazha (2000),2000,,82
3291,Mele Vaaryathe Maalaakhakkuttikal (2000),2000,,83
3294,Ival Draupadi (2000),2000,,20
3295,Thenkaashippattanam (2000),2000,,85
3296,Ithu Kadhayalla (2000),2000,,20
3299,Arayannangalude Veedu (2000),2000,,92
3300,Mister Butler (2000),2000,,94
3301,Sathyam Sivam Sundaram (2000),2000,,93
3302,Saayaahnam (2000),2000,,70
3324,Nagaravadhu (2001),2001,,26
3326,Raavanaprabhu (2001),2001,31-08-2001,94
3339,Achaneyaanenikkishtam (2001),2001,,84
3342,Ishtam (2001),2001,,84
3344,Dosth (2001),2001,,87
3345,Karumaadikkuttan (2001),2001,,95
3348,Ee Naadu Innalevare (2001),2001,08-03-2001,20
3350,Naaraanathu Thamburaan (2001),2001,,86
3352,Meghamalhaar (2001),2001,,96
3353,The Guard (2001),2001,21-12-2001,97
3355,Soothradhaaran (2001),2001,,88
3362,Meghasandesham (2001),2001,04-05-2001,88
3363,Unnathangalil (2001),2001,,79
3365,Ee Parakkumthalika (2001),2001,,95
3366,Narendran Makan Jayakaanthan Vaka (2001),2001,,93
3368,Kaattu Vannu Vilichappol (2001),2001,30-06-2001,86
3369,Sundarapurushan (2001),2001,,91
3370,Randaam Bhaavam (2001),2001,28-09-2001,89
3371,Saiver Thirumeni (2001),2001,,36
3372,One Man Show (2001),2001,,92
3376,Nariman (2001),2001,,91
3377,Red Indians (2001),2001,,61
3378,Dubai (2001),2001,,84
3380,Bharthaavudyogam (2001),2001,10-03-2001,31
3381,Vakkaalathu Narayanankutti (2001),2001,,85
3382,Praja (2001),2001,,85
3383,Aakaashathile Paravakal (2001),2001,,92
3386,Kinnaaram Chollicholli (2001),2001,,74
3387,Korappan The Great (2001),2001,,38
3388,Raakshasa Raajaavu (2001),2001,31-08-2001,93
3389,Sraavu (2001),2001,,70
3391,Sharjah To Sharjah (2001),2001,,90
3396,Kaakkakkuyil (2001),2001,,92
3401,Uthaman (2001),2001,,86
3404,Theerthaadanam (2001),2001,,93
3406,Pattiyude Divasam (2001),2001,,65
3429,Yaamini (2001),2001,,36
3444,Malayaali Maamanu Vanakkam (2002),2002,24-01-2002,96
3445,Vaalkkannaadi (2002),2002,,95
3447,Phantom (2002),2002,,89
3449,Mazhathullikkilukkam (2002),2002,23-02-2002,96
3450,Oomapenninu Uriyadappayyan (2002),2002,,95
3451,Kanmashi (2002),2002,,85
3452,Kalyaanaraman (2002),2002,,94
3454,Ente Hridayathinte Udama (2002),2002,,38
3456,Kunjikkoonan (2002),2002,,96
3457,Kayyethum Doorathu (2002),2002,21-08-2002,78
3459,Thaandavam (2002),2002,,80
3460,Sesham (2002),2002,,75
3463,Jagapoga (2001),2001,15-12-2001,70
3464,Nakshathrakannulla Raajakumaaran Avanundoru Raajakumaari (2002),2002,,84
3465,Yaathrakkaarude Shradhaykku (2002),2002,,96
3467,Kaattuchembakam (2002),2002,,30
3469,Snehithan (2002),2002,27-12-2002,86
3470,Pakalppooram (2002),2002,,90
3471,Nammal (2002),2002,,93
3473,Kuberan (2002),2002,,92
3474,Nandanam (2002),2002,20-12-2002,94
3476,Meesa Madhavan (2002),2002,07-04-2002,92
3478,Bhavam (2002),2002,24-05-2002,65
3481,Krishnaa Gopaalkrishnaa (2002),2002,,43
3482,Kayamkulam Kanaran (2002),2002,,39
3483,Jagathy Jagadeesh in Town (2002),2002,,94
3484,Saavithriyude Aranjaanam (2002),2002,25-02-2002,36
3489,Shivam (2002),2002,,93
3490,Bamboo Boys (2002),2002,,87
3492,Kaalachakram  (2002),2002,,45
3493,Puthooram Puthri Unniyaarcha (2002),2002,,32
3494,Kaakke Kaakke Koodevide (2002),2002,,60
3513,Chathurangam (2002),2002,09-10-1959,77
3516,Ee Bhaargaveenilayam (2002),2002,,37
3520,Kaashillaatheyum Jeevikkaam (2002),2002,,14
3524,Maayaamohini (2002),2002,,76
3527,Stop Violence (2002),2002,,81
3534,Thilakam (2002),2002,,53
3541,Mitr - My Friend (2002),2002,,85
3547,Kaarmegham (2002),2002,,83
3549,Manassinakkare (2003),2003,25-12-2003,95
3550,Swapnakkoodu (2003),2003,,95
3551,Varum Varunnu Vannu (2003),2003,,46
3552,War And Love (2003),2003,,60
3553,Pattanathil Sundaran (2003),2003,,91
3554,Thillaana Thillaana (2003),2003,,33
3555,Chronic Bachelor (2003),2003,,95
3556,Vellithira (2003),2003,06-06-2003,92
3557,Swapnam Kondu Thulaabhaaram (2003),2003,,84
3558,CID Moosa (2003),2003,,97
3559,Kilichundan Mambazham (2003),2003,,92
3560,Ammakkilikoodu (2003),2003,,97
3561,Mizhirandilum (2003),2003,,86
3562,Pattaalam (2003),2003,26-09-2003,90
3563,Kasthoorimaan (2003),2003,29-03-2003,92
3564,Pulivaal Kalyaanam (2003),2003,,94
3565,Gramaphone (2003),2003,,95
3568,Mullavalliyum Thenmaavum (2003),2003,,89
3569,Ente Veedu Appoontem (2003),2003,,95
3570,Anyar (2003),2003,,44
3572,Sadaanandante Samayam (2003),2003,31-10-2003,91
3573,Mr Brahmachaari (2003),2003,,84
3576,Goureeshankaram (2003),2003,25-12-2003,90
3577,Saphalam (2003),2003,,48
3579,Njaan Salpperu Ramankutty (2004),2004,,60
3580,Meerayude Dukhavum Muthuvinte Swapnavum (2003),2003,,90
3581,Thilakkam (2003),2003,04-11-2003,90
3582,Chakram (2003),2003,27-12-2003,88
3584,Balettan (2003),2003,28-08-2003,91
3585,Choonda (2003),2003,,34
3586,Hariharan Pilla Happiyaanu (2003),2003,26-11-2003,60
3588,Paadham Onnu Oru Vilaapam (2003),2003,,86
3589,Arimpaara (2003),2003,,72
3590,Maargam (2003),2003,,79
3593,Sahodaran Sahadevan (2003),2003,,31
3594,Saudaamini (2003),2003,18-04-2003,54
3597,Vasanthamaalika (2003),2003,,68
3599,Magic Magic (2003),2003,04-10-2003,83
3600,Malsaram (2003),2003,,86
3608,Ivar (2003),2003,,48
3611,Aadhavan (2010),2010,,80
3612,The King Maker Leader (2003),2003,,26
3622,Popcorn (2003),2003,,61
3623,Black (2004),2004,,95
3624,Youth Festival (2004),2004,,66
3627,Vismayathumbathu (2004),2004,04-10-2004,92
3628,Wanted (2004),2004,,81
3629,Greetings (2004),2004,,80
3630,Mayilaattam (2004),2004,,88
3631,Kerala House Udan Vilpanaykku (2004),2004,,92
3634,Kaakkakarumban (2004),2004,27-08-2004,33
3636,Nammal Thammil (Fifty Fifty) (2009),2009,27-03-2009,60
3637,Kusruthy (2004),2004,,76
3638,Perumazhakkaalam (2004),2004,11-12-2004,96
3639,Vesham (2004),2004,,92
3640,Chathikkaatha Chanthu (2004),2004,,96
3641,Maambazhakkaalam (2004),2004,11-04-2004,89
3642,Amrutham (2004),2004,24-12-2004,84
3643,Melvilaasam Shariyaanu (2003),2003,10-10-2003,33
3644,Symphony (2004),2004,13-02-2004,62
3645,Kaazhcha (2004),2004,,96
3646,Vettam (2004),2004,20-08-2004,97
3647,Ennittum (2006),2006,02-10-2006,37
3648,4 The People (2004),2004,,93
3649,Kadhaavaseshan (2004),2004,11-11-2004,96
3650,Sasneham Sumitra (2004),2004,,55
3651,Akale (2004),2004,,90
3654,Vajram (2004),2004,04-10-2004,76
3657,Rasikan (2004),2004,16-12-2004,92
3658,Runway (2004),2004,25-04-2004,96
3660,Manjupoloru Penkutti (2004),2004,,84
3661,Naattu Raajavu (2004),2004,,80
3662,Monalisa (2004),2004,,88
3663,Jalolsavam (2004),2004,,90
3664,Aparichithan (2004),2004,,90
3665,Quotation (2004),2004,,52
3666,Kanninum Kannaadikkum (2004),2004,,91
3667,Vellinakshathram (2004),2004,31-03-2004,90
3670,Sanchaaram (2004),2004,,90
3672,Sathyam (2004),2004,20-08-2004,94
3673,CI Mahadevan 5 adi 4 inch (2004),2004,21-02-2004,43
3677,Chekavan (2004),2004,,83
3679,Agninakshathram (2004),2004,,83
3680,Koottu (2004),2004,,33
3681,Vaamanapuram Bus Route (2004),2004,23-01-2004,46
3682,Thekkekkara Super Fast (Kili) (2004),2004,04-03-2004,50
3685,Kottaaram Vaidyan (2004),2004,,34
3686,Masnagudi Mannadiyaar Speaking (2004),2004,,38
3697,Sethuramayyar CBI (2004),2004,23-01-2004,93
3702,Makalkku (2005),2005,,96
3703,Iruvattam Manavaatti (2005),2005,,68
3704,Chaanthu Pottu (2005),2005,26-08-2005,93
3705,Achuvinte Amma (2005),2005,28-01-2005,95
3706,Lokanaathan IAS (2005),2005,16-09-2005,87
3707,Mayookham (2005),2005,11-03-2005,89
3708,Ben Johnson (2005),2005,,94
3709,Kochiraajaavu (2005),2005,,94
3710,Ottanaanayam (2005),2005,,49
3711,5 Fingers (2005),2005,,40
3712,Chandrolsavam (2005),2005,14-04-2005,97
3714,Naran (2005),2005,,95
3715,Ponmudippuzhayorathu (2005),2005,,57
3717,Ananthabhadram (2005),2005,,96
3718,Pauran (2005),2005,,47
3721,Annorikkal (2005),2005,,74
3723,Brahmam (2005),2005,,85
3724,Daivanaamathil (2005),2005,,64
3725,Immini Nalloral (2005),2005,,84
3726,Raajamaanikyam (2005),2005,,94
3728,Junior Senior (2005),2005,03-11-2005,28
3731,Paranju Theeratha Visheshangal (2007),2007,27-04-2007,63
3732,The Campus (2005),2005,,96
3733,Nottam (2006),2006,06-02-2006,92
3734,Thanmaathra (2005),2005,,96
3735,Udayanaanu Thaaram (2005),2005,21-01-2005,97
3736,Paandippada (2005),2005,,93
3738,The Tiger (2005),2005,,94
3741,Sarkar Dada (2005),2005,,76
3742,Alice In Wonderland (2005),2005,,75
3743,Udayon (2005),2005,,86
3744,Thommanum Makkalum (2005),2005,,91
3746,Ullam (2005),2005,,65
3747,Athbhuthadweepu (2005),2005,04-01-2005,90
3749,Police (2005),2005,,83
3750,Banglaavil Outha (2005),2005,20-05-2005,37
3751,Sheelabathi (2005),2005,,60
3752,Hridayathil Sookshikkaan (2005),2005,,75
3753,Raappakal (2005),2005,24-06-2005,96
3755,Bus Conductor (2005),2005,23-12-2005,78
3756,By the People (2005),2005,,87
3757,Boy Friend (2005),2005,28-10-2005,81
3759,Kanne Madanguka (2005),2005,,91
3762,Nerariyaan CBI (2005),2005,09-08-2005,94
3763,Krithyam (2005),2005,,73
3768,Finger Print (2005),2005,,92
3773,Bharathchandran IPS (2005),2005,,92
3775,Thaskaraveeran (2005),2005,27-05-2005,73
3782,Hotel California (2013),2013,05-03-2013,70
3784,Kilukkam Kilukilukkam (2006),2006,,65
3785,Madhu Chandralekha (2006),2006,26-03-2004,72
3786,Lion (2006),2006,,92
3788,Achanurangaatha Veedu (2006),2006,,87
3789,Rasathanthram (2006),2006,20-03-2006,93
3791,Vadakkumnathan (2006),2006,,93
3792,Out of Syllabus (2006),2006,,71
3793,Speed (Fast Track) (2007),2007,03-02-2007,75
3794,Aarya (2006),2006,,80
3795,Pachakkuthira (2006),2006,14-04-2006,90
3796,Lanka (2006),2006,,48
3797,Thuruppugulaan (2006),2006,,88
3798,Chinthamani Kolacase (2006),2006,14-04-2006,95
3799,Raashtram (2006),2006,,94
3800,Balram v/s Tharadas (2006),2006,28-04-2006,70
3801,Thanthra (2006),2006,,49
3803,Raavanan (2006),2006,,62
3807,Avan Chaandiyude Makan (2007),2007,01-12-2007,84
3808,Pulijanmam (2006),2006,05-12-2006,74
3809,Prajaapathy (2006),2006,,84
3810,Chacko Randaaman (2006),2006,,33
3813,Chess (2006),2006,,90
3814,Mahaasamudram (2006),2006,,79
3816,Classmates (2006),2006,25-08-2006,95
3820,Keerthichakra (2006),2006,08-03-2006,94
3821,Pathaaka (2006),2006,31-08-2006,74
3825,Photographer (2006),2006,,80
3826,Bhaargavacharitham Moonnam Khandam (2006),2006,,67
3827,The Don (2006),2006,,88
3829,Aanachantham (2006),2006,08-04-2006,93
3830,Yes Your Honour (2006),2006,,78
3831,Karutha Pakshikal (2006),2006,17-11-2006,97
3833,Rakshakan (2007),2007,06-08-2007,83
3834,Vaasthavam (2006),2006,,88
3836,Vargam (2006),2006,02-10-2006,93
3837,Pakal (2006),2006,,66
3840,Ashwaaroodan (2006),2006,,87
3841,Moonaamathoraal (2006),2006,,82
3843,Chakkaramuthu (2006),2006,,85
3844,Note Book (2006),2006,21-12-2006,96
3845,Pothen Vava (2006),2006,,75
3846,Red Salute (2006),2006,,81
3850,Bada Dosth (2006),2006,24-10-2006,77
3851,Kanaka Simhaasanam (2006),2006,29-12-2006,82
3852,Palunku (2006),2006,22-12-2006,94
3853,Lakshmi (2006),2006,,81
3857,Athisayan (2007),2007,14-04-2007,75
3858,Paradesi (2007),2007,10-11-2007,88
3859,Kayyoppu (2007),2007,19-01-2007,96
3860,Smart City (2006),2006,15-12-2006,79
3861,Baba Kalyani (2006),2006,,91
3862,Aananda Bhairavi (2007),2007,16-02-2007,61
3863,Anchil Oraal Arjunan (2007),2007,19-01-2007,31
3864,Maayaavi (2007),2007,02-03-2007,88
3865,Big B - The Body Guard (2007),2007,14-04-2007,90
3867,Inspector Garud (2007),2007,27-01-2007,86
3868,Sketch (2007),2007,23-02-2007,30
3869,Changaathippoocha (2007),2007,02-02-2007,72
3870,Abraham & Lincoln (2007),2007,24-03-2007,75
3871,Happy Be Happy (2007),2007,03-02-2007,85
3872,Chotta Mumbai (2007),2007,04-07-2007,95
3873,Vinodayaathra (2007),2007,04-07-2007,96
3874,Paayum Puli (2007),2007,16-03-2007,71
3875,Panthayakkozhi (2007),2007,14-04-2007,88
3876,Boss I Love You (2006),2006,,84
3877,Sooryakireedam (2007),2007,05-11-2007,70
3879,Time (2007),2007,18-05-2007,75
3881,Goal (2007),2007,05-11-2007,91
3882,Pranayakaalam (2007),2007,06-08-2007,92
3883,Hallo (2007),2007,07-05-2007,83
3885,Arabikkadha (2007),2007,07-05-2007,96
3886,Black Cat (2007),2007,10-12-2007,85
3888,Nagaram (2007),2007,22-06-2007,48
3889,Kaakki (2007),2007,17-05-2007,84
3890,Bharathan Effect (2007),2007,29-06-2007,92
3891,Detective (2007),2007,16-02-2007,94
3894,Devadaas (2006),2006,,90
3895,July 4 (2007),2007,07-05-2007,70
3898,Mission 90 Days (2007),2007,07-12-2007,84
3899,Ore Kadal (2007),2007,26-08-2007,87
3900,Nivedyam (2007),2007,27-08-2007,87
3904,Heart Beats (2007),2007,08-03-2007,43
3905,Thaniye (2007),2007,27-07-2007,32
3906,Alibhai (2007),2007,15-08-2007,80
3907,"Bunny, The Lion (2007)",2007,27-07-2007,85
3908,Kichaamani MBA (2007),2007,25-08-2007,66
3909,Nadiya Kollappetta Rathri (2007),2007,27-07-2007,84
3910,Chocolate (2007),2007,10-12-2007,95
3912,Hero (2006),2006,,76
3913,Nasraani (2007),2007,10-12-2007,85
3914,Aayurrekha (2007),2007,11-08-2007,41
3916,Chathrapathi (2006),2006,,70
3921,Malleeswari The Princess (2004) (2007),2007,,70
3922,Rock N Roll (2007),2007,15-11-2007,80
3924,Hareendran Oru Nishkalankan (2007),2007,16-11-2007,30
3927,Naalu Pennungal (2007),2007,11-02-2007,77
3928,Romeo (2007),2007,14-12-2007,80
3929,Happy Days (2006),2006,,90
3930,Flash (2007),2007,22-12-2007,56
3932,Kangaroo (2007),2007,22-12-2007,88
3933,Kadha Parayumbol (2007),2007,20-12-2007,96
3934,Something Something (2006),2006,,91
3935,Thakarachenda (2007),2007,08-09-2007,71
3938,Before The Rains (2007),2007,,88
3939,Munna (2006),2006,,96
3944,Naayakan (1987) (2007),2007,,75
3946,Unni (2007),2007,,65
3947,Mozhi (2007),2007,,95
3950,Magic Lamp (2008),2008,,76
3954,College Kumaaran (2008),2008,02-02-2008,71
3956,Mizhikal Sakshi (2008),2008,20-06-2008,94
3957,Cycle (2008),2008,,86
3958,De Ingottu Nokkiye (2008),2008,,25
3959,Kerala Police (2008),2008,25-03-2008,55
3960,Sound of Boot (2008),2008,,81
3961,Of The People (2008),2008,01-04-2008,83
3962,Calcutta News (2008),2008,,89
3964,Mulla (2008),2008,27-03-2008,62
3966,The Target (2005) (2008),2008,,60
3967,My Mothers Laptop (2008),2008,,51
3968,Positive (2008),2008,,82
3969,Vilaapangalkkappuram (2008),2008,,45
3973,SMS (2008),2008,,60
3974,Robo (2008),2008,,17
3978,Gopaalapuraanam (2008),2008,,16
3979,Roudram (2008),2008,25-01-2008,89
3980,Adayaalangal (2008),2008,,72
3981,Malabar Wedding (2008),2008,20-03-2008,91
3982,Annan Thampi (2008),2008,,92
3983,Innathe Chinthavishayam (2008),2008,04-11-2008,87
3987,Paarthan Kanda Paralokam (2008),2008,,74
3988,Swarnnam (2008),2008,05-01-2008,51
3990,Shakespeare M.A Malayalam (2008),2008,,78
3991,Pachamarathanalil (2008),2008,05-09-2008,54
3992,Veruthe Oru Bhaarya (2008),2008,,89
3993,Minnaminnikkoottam (2008),2008,07-11-2008,91
3994,One Way Ticket (2008),2008,,78
3995,Maadambi (2008),2008,,90
3997,Kanichukulangarayil CBI (2008),2008,18-07-2008,30
3998,Parunthu (2008),2008,,68
3999,Kabadi Kabadi (2008),2008,,60
4000,Bullet (2008),2008,,79
4001,Thalappaavu (2008),2008,09-12-2008,94
4002,Twenty 20 (2008),2008,,93
4004,Kurukshethra (2008),2008,,93
4005,Gulmohar (2008),2008,10-07-2008,91
4006,Aayudham (2008),2008,,31
4007,Krishna (2008),2008,,83
4008,Thirakkadha (2008),2008,09-12-2008,85
4009,Thaavalam (2008),2008,,61
4011,Aakaashagopuram (2008),2008,,67
4012,Maya Bazar (2008),2008,10-04-2008,77
4016,Apoorva - The Rare School Days (2008),2008,09-05-2008,60
4017,Chithrasalabhangalude Veedu (2008),2008,,92
4019,Bhai (2008),2008,,70
4021,Sulthaan (2008),2008,,46
4023,Lollypop (2008),2008,21-12-2008,85
4024,Crazy Gopalan (2008),2008,,88
4026,Homam (2008),2008,,83
4027,Pakal Nakshathrangal (2008),2008,29-11-2008,82
4034,Idiot (2008),2008,,68
4035,Ghatolkkachan (2008),2008,,86
4040,Manjaadikkuru (2012),2012,18-05-2012,94
4041,Company (2002) (2008),2008,,90
4043,Aayirathil Oruvan (2009),2009,,86
4044,Winter (2009),2009,16-07-2009,97
4046,Seethaa Kalyaanam (2009),2009,14-11-2009,83
4051,Keralavarma Pazhassi Raaja (2009),2009,16-10-2009,94
4053,Bhaarya Swantham Suhruthu (2009),2009,27-02-2009,49
4055,Banaras (2009),2009,04-07-2009,79
4056,Love In Singapore (2009),2009,23-01-2009,67
4057,Makante Achan (2009),2009,,96
4059,Colours (2009),2009,,81
4060,Perumaal (2009),2009,,62
4061,Red Chillies (2009),2009,14-02-2009,76
4062,Samastha Keralam P.O. (2009),2009,,31
4064,Kadha Samvidhaanam Kunjacko (2009),2009,,30
4065,Sagar Alias Jacky Reloaded (2009),2009,26-03-2009,89
4066,Venalmaram (2009),2009,,30
4067,Ithu Njangalude Lokam (2009),2009,,60
4068,Black Dahlia (2009),2009,,79
4069,Currency (2009),2009,30-04-2009,55
4070,2 Harihar Nagar (2009),2009,,95
4071,Hailasa (2009),2009,02-06-2009,57
4072,Moz & Cat (2009),2009,,55
4073,IG (Inspector General) (2009),2009,04-03-2009,60
4075,Samayam (2009),2009,,90
4076,Calendar (2009),2009,,41
4077,Bhaagyadevatha (2009),2009,,92
4078,Nanthuni (2009),2009,,22
4079,Therukkoothu (Koodaaram) (2009),2009,,65
4080,Pakida Pakida 12 (2009),2009,,25
4081,Bhagavaan (2009),2009,,41
4082,Vellathooval (2009),2009,,47
4084,Passenger (2009),2009,05-07-2009,96
4085,Mounam (2009),2009,,40
4086,Kadhaparayum Theruvoram (2009),2009,,40
4087,Malayaali (2009),2009,,49
4089,Pramukhan (2009),2009,,22
4090,Ivar Vivaahitharaayaal (2009),2009,06-12-2009,86
4091,Bhramaram (2009),2009,25-06-2009,92
4092,Dr Patient (2009),2009,,33
4093,Kaancheepurathe Kalyaanam (2009),2009,,82
4094,Ee Pattanathil Bhootham (2009),2009,,77
4095,Madhyavenal (2009),2009,,30
4096,Puthiya Mukham (2009),2009,16-07-2009,91
4097,Daddy Cool (2009),2009,,76
4098,Parayaan Marannathu (2009),2009,,85
4099,Bhaarya Onnu Makkal Moonnu (2009),2009,,85
4100,Rithu (2009),2009,,88
4101,Ayyo Paavam (2009),2009,,75
4102,Oru Black and White Kudumbam (2009),2009,,88
4103,Sudharil Sudhan (2009),2009,,29
4104,Ranam (2009),2009,,65
4105,Kaanaakkanmani (2009),2009,,86
4106,Vairam (2009),2009,20-09-2009,56
4107,Loudspeaker (2009),2009,20-09-2009,91
4108,Duplicate (2009),2009,,89
4109,Robinhood - Prince of Thieves (2009),2009,24-09-2009,93
4110,Angel John (2009),2009,,64
4111,Keralolsavam Mission 2009 (2009),2009,,50
4112,TD Dasan Std VI B (2010),2010,15-04-2010,84
4113,Pathaam Nilayile Theevandi (2009),2009,,66
4114,Swantham Lekhakan (2009),2009,,86
4115,Kerala Cafe (2009),2009,,92
4116,Utharaaswayamvaram (2009),2009,11-06-2009,73
4117,Sufi Paranja Kadha (2010),2010,19-02-2010,74
4118,Simhakutty (Gangothri 2003) (2009),2009,,46
4119,Chemistry (2009),2009,25-01-2009,34
4120,Neelathaamara (2009),2009,,85
4121,My Big Father (2009),2009,,90
4122,Gulumaal - The Escape (2009),2009,,72
4123,Operation Duryodhana (2009),2009,,58
4124,Thathwamasi (2009),2009,,20
4125,Kappalu Muthalaali (2009),2009,27-11-2009,83
4126,Cheriya Kallanum Valiya Policeum (2010),2010,26-02-2010,28
4127,April Fool (2010),2010,04-01-2010,52
4128,Decent Parties (2009),2009,,12
4129,Panchaamritham (2009),2009,,40
4130,Ullaasam (2009),2009,,62
4131,Chattambinaadu (2009),2009,,91
4132,Kanmazha Peyyum Munpe (2009),2009,,20
4133,Paaleri Maanikyam - Oru Paathira Kolapaathakathinte Kadha (2009),2009,,77
4134,Ividam Swargamaanu (2009),2009,25-12-2009,92
4135,Black Stallion (2009),2009,,49
4138,Bhoomi Malayalam (2009),2009,,68
4139,Rahasya Police (2009),2009,23-07-2009,68
4140,Themmaadikkoottam (2012),2012,02-10-2012,20
4144,Super (2009),2009,,37
4145,Raman (2009),2009,,48
4146,Nayanam (2009),2009,,10
4148,Shouryam (2009),2009,,40
4149,King (2009),2009,,95
4151,Drona (2009),2009,,80
4152,Aayiram Varnangal (2009),2009,,60
4153,Gambler (Takkari [2007]) (2009),2009,,54
4154,Changaatham (2009),2009,,54
4155,Ride (2009),2009,,91
4156,Honeymoon (2009),2009,,65
4157,Garjjanam (2009),2009,,60
4158,Subramanyapuram (2009),2009,,40
4159,Pathinonnil Vyaazham (2010),2010,11-12-2010,41
4160,Brahmaasthram (2010),2010,,66
4162,Bodyguard (2010),2010,23-01-2010,94
4163,Ringtone (2010),2010,,30
4164,Kadaaksham (2010),2010,,62
4165,Paattinte Paalaazhi (2010),2010,20-08-2010,85
4166,Yugapurushan (2010),2010,02-05-2010,92
4167,Kalabhamazha (2010),2010,,12
4168,Happy Husbands (2010),2010,14-01-2010,89
4169,Aagathan (2010),2010,,89
4170,Nilaavu (2010),2010,29-10-2010,70
4171,Punyam Aham (2010),2010,22-01-2010,57
4172,Drona 2010 (2010),2010,27-01-2010,89
4173,Aarya 2 (2010),2010,,74
4174,Anwar (2010),2010,15-10-2010,87
4175,Senior Mandrake (2010),2010,29-01-2010,66
4176,Pullimaan (2010),2010,,23
4177,Nizhal (2010),2010,,20
4178,Thoovalkkaattu (2010),2010,,12
4180,Thaanthonni (2010),2010,19-03-2010,93
4181,In Ghost House Inn (2010),2010,25-03-2010,94
4182,Naayakan (2010),2010,,96
4183,Pramaani (2010),2010,26-03-2010,80
4184,Janakan (2010),2010,,94
4185,Sathgamaya (2010),2010,,56
4186,Pokkiri Raja (2010),2010,,86
4187,Paappee Appachaa (2010),2010,14-04-2010,48
4189,3 Chaar Sou Bees (2010),2010,,32
4190,Mummy and Me (2010),2010,21-05-2010,81
4191,Vande Maatharam (2010),2010,,76
4193,Valiyangaadi (2010),2010,03-05-2010,50
4194,Kadha Thudarunnu (2010),2010,05-07-2010,96
4195,Love Guru (2010),2010,,50
4196,Oru Naal Varum (2010),2010,,89
4197,Nalla Paattukaarey (2010),2010,,20
4198,Alexander The Great (2010),2010,,76
4199,Malarvaadi Arts Club (2010),2010,,95
4200,Elektra (2016),2016,11-11-2016,62
4201,Pithaavum Kanyakayum [Daddy You Bastard] (2010),2010,,30
4202,Amma Nilaavu (2010),2010,08-06-2010,20
4203,24 Hours (2010),2010,,65
4204,Nallavan (2010),2010,,29
4205,Apoorvaraagam (2010),2010,,80
4206,Penpattanam (2010),2010,,40
4207,Neelaambari (2010),2010,,69
4208,Njaan Sanchaari (2010),2010,,50
4209,Yakshiyum Njaanum (2010),2010,,75
4211,Plus Two (2010),2010,13-08-2010,67
4212,Sakudumbam Shyamala (2010),2010,,90
4213,Koottukaar (2010),2010,,46
4214,Game (2010),2010,,52
4215,Shikkar (2010),2010,,91
4216,Aathmakadha (2010),2010,,76
4217,Varan (2010),2010,,82
4218,Advocate Lakshmanan - Ladies Only (2010),2010,30-07-2010,24
4219,Raamaraavanan (2010),2010,30-07-2010,51
4220,Avan (2010),2010,,40
4221,Inganeyum Oraal (2010),2010,,11
4222,Thaskara Lahala (2010),2010,,27
4223,Chekavar (2010),2010,,84
4224,Elsamma Enna Aankutty (2010),2010,09-09-2010,94
4225,Pranchiyettan and the Saint (2010),2010,09-10-2010,96
4226,Kaaryasthan (2010),2010,11-05-2010,89
4227,Four Friends (2010),2010,28-10-2010,73
4228,Cocktail (2010),2010,,93
4229,Nirakkaazhcha (2010),2010,27-08-2010,63
4230,Swantham Bhaarya Zindabad (2010),2010,,37
4231,Oridathoru Postman (2010),2010,10-08-2010,38
4232,Puthumukhangal (2010),2010,,79
4233,Fiddle (2010),2010,27-08-2010,12
4234,Canvas (2010),2010,21-05-2010,77
4236,Holidays (2010),2010,,30
4237,Sarkaar Colony (2011),2011,09-09-2011,41
4238,Killaadi (2010),2010,,40
4239,Kilimozhi Kinaaram (Kilipetchu Kelkava (2002)) (2010),2010,,65
4240,Makaramanju (2011),2011,30-09-2011,57
4241,Bombay Mittaai (2010),2010,,70
4242,Karayilekku Oru Kadaldooram (2010),2010,,65
4243,Kayam (2010),2010,,33
4244,The Thriller (2010),2010,17-11-2010,86
4246,College Days (2010),2010,,77
4247,Kaalidaas (2010),2010,,60
4249,Sahasram (2010),2010,,80
4250,Oru Small Family (2010),2010,,30
4251,Best Actor (2010),2010,,70
4252,Kaandahaar (2010),2010,16-12-2010,80
4253,Kanyakumari Express (2010),2010,19-11-2010,44
4254,Chakravarthy (2010),2010,,50
4255,Again Kasarkode Kadarbhai (2010),2010,,19
4256,Tournament (2010),2010,25-12-2010,44
4257,Orange (2012),2012,16-03-2012,51
4258,Payyans (2011),2011,18-02-2011,68
4259,Marykkundoru Kunjaadu (2010),2010,,90
4260,Rhythm (2010),2010,,40
4261,Chithrakkuzhal (2010),2010,,50
4262,Best of Luck (2010),2010,,39
4263,De Nova (2010),2010,11-12-2010,60
4264,Chithrasoothram (2010),2010,,62
4265,Swarnnamaalika (2010),2010,,50
4266,Arjun (2010),2010,,65
4267,Sahapaadi 1975 (2016),2016,26-02-2016,10
4268,Dheera (2011),2011,,85
4269,Living Together (2011),2011,19-02-2011,71
4270,Traffic (2011),2011,01-07-2011,97
4271,Casanova (2012),2012,26-01-2012,56
4272,Gaddaama (2011),2011,02-04-2011,86
4273,Oh My Love (2011),2011,,60
4274,The Metro (2011),2011,21-01-2011,75
4275,Kudumbasree Travels (2011),2011,,31
4276,Lavender (2015),2015,26-06-2015,82
4277,Ninnishtam Ennishtam II (2011),2011,,44
4278,Arjunan Saakshi (2011),2011,28-01-2011,89
4279,Ithu Nammude Katha (2011),2011,,83
4280,Race (2011),2011,,40
4281,Note Out (2011),2011,,40
4282,Makeup Man (2011),2011,,83
4283,Oru Nunakkadha (2011),2011,,20
4284,Mohabbath (2011),2011,28-04-2011,48
4285,Christian Brothers (2011),2011,18-03-2011,85
4287,City of God (2011),2011,23-04-2011,90
4288,Raghuvinte Swantham Rasiya (2011),2011,,24
4289,China Town (2011),2011,04-11-2011,77
4290,Urumi (2011),2011,,95
4291,Naadakame Ulakam (2011),2011,25-02-2011,36
4292,Doubles (2011),2011,,55
4293,August 15 (2011),2011,24-03-2011,60
4294,Lucky Jokers (2011),2011,,40
4295,Bhakthajanangalude Sradhaykku (2011),2011,,50
4296,Maharaja Talkies (2011),2011,,43
4297,Uppukandam Brothers Back in Action (2011),2011,17-06-2011,52
4299,Melvilaasam (2011),2011,29-04-2011,96
4300,Maanikyakkallu (2011),2011,05-05-2011,95
4302,Yaathra Thudarunnu (2013),2013,22-03-2013,30
4303,Doctor Love (2011),2011,09-09-2011,84
4304,Sevenes (2011),2011,09-08-2011,86
4305,Shankaranum Mohananum (2011),2011,06-10-2011,39
4306,Veeraputhran (2011),2011,14-10-2011,89
4307,Violin (2011),2011,07-01-2011,80
4308,The Snake And Ladder (2011),2011,,60
4309,Orma Maathram (2011),2011,29-07-2011,58
4310,Seniors (2011),2011,05-07-2011,89
4311,Salt N Pepper (2011),2011,07-08-2011,94
4312,Thejabhai And Family (2011),2011,30-08-2011,89
4313,Vaadaamalli (2011),2011,06-10-2011,60
4314,Kottaarathil Kuttibhootham (2011),2011,24-06-2011,10
4315,The Train (2011),2011,27-05-2011,65
4316,Three Kings (2011),2011,07-08-2011,89
4317,Janapriyan (2011),2011,20-05-2011,91
4318,Adaaminte Makan Abu (2011),2011,24-06-2011,95
4319,London Dreams (2011),2011,,60
4320,Sneham+Ishtam=Amma (2011),2011,,20
4321,Mister Marumakan (2012),2012,17-08-2012,77
4322,Arabiyum Ottakavum P Madhavan Nairum (2011),2011,16-12-2011,93
4323,Snehaadaram (2011),2011,,40
4324,Rathinirvedam (2011),2011,,71
4325,Vaidooryam (2012),2012,10-12-2012,63
4326,Female Unnikrishnan (2015),2015,12-11-2015,61
4327,Kaanaakkombathu (2011),2011,,12
4334,Picnic (2011),2011,,51
4342,Mohaswapnam (2002),2002,,54
4356,Themmaadikkoottam (2009),2009,,40
4357,TP 51 Vettu (2015),2015,09-11-2015,44
4359,Paisa Paisa (2013),2013,28-06-2013,55
4361,Pattam Pole (2013),2013,10-11-2013,83
4385,Black Forest (2014),2014,17-01-2014,43
4386,Red Wine (2013),2013,21-03-2013,81
4391,Thomson Villa (2014),2014,21-02-2014,82
4392,Sundaripraavu (2001),2001,,40
4403,Pakarnnaattam (2012),2012,03-09-2012,90
4416,Mirchi (2013),2013,24-09-2015,86
4420,Vellaripraavinte Changaathi (2011),2011,23-12-2011,86
4421,Upadeshiyude makan (2010),2010,,20
4422,Dam 999 (2011),2011,25-11-2011,71
4424,Ideal Couple (2012),2012,24-02-2012,12
4425,Kadhayile Naayika (2011),2011,08-12-2011,44
4426,Innaanu Aa Kalyaanam (2011),2011,12-02-2011,79
4427,Vaadhyaar (2012),2012,06-08-2012,76
4429,Track (2011),2011,,60
4430,Yuva (2011),2011,,60
4431,Chaappa Kurishu (2011),2011,14-07-2011,93
4432,Ithu Paathiraamanal (2013),2013,15-03-2013,75
4433,Veettilekkulla Vazhi (2011),2011,08-05-2011,88
4435,Film Star (2011),2011,14-07-2011,35
4436,Happy II (2011),2011,,83
4438,Bombay March 12 (2011),2011,30-06-2011,72
4439,Bangkok Summer (2011),2011,22-07-2011,44
4440,Chaaverppada (2010),2010,12-10-2010,53
4442,Mithram (2011),2011,,20
4443,Josettante Hero (2012),2012,,36
4445,Ennennum Ormmaykkaayi (2012),2012,18-05-2012,68
4446,The King and the Commissioner (2012),2012,23-03-2012,78
4447,Collector (2011),2011,15-07-2011,80
4448,Jackie (2011),2011,,52
4449,Ulakam Chuttum Vaaliban (2011),2011,09-09-2011,87
4450,Sandwich (2011),2011,14-11-2011,47
4451,Kunjaliyan (2012),2012,01-06-2012,76
4453,Masters (2012),2012,30-03-2012,57
4454,Mumbai Police (2013),2013,05-03-2013,94
4455,Navaagatharkku Swaagatham (2012),2012,06-08-2012,11
4456,Shikkaari (2012),2012,03-09-2012,81
4457,Badrinaath (2011),2011,,81
4459,Angane Thudangi (2011),2011,,40
4460,Manushyamrigam (2011),2011,15-07-2011,71
4461,100% Love (2011),2011,22-07-2011,89
4462,Indian Rupee (2011),2011,10-06-2011,94
4463,Krishnanum Radhayum (2011),2011,21-10-2011,43
4464,Pranayam (2011),2011,31-08-2011,86
4465,Police Academy (2011),2011,,40
4466,Cleopatra (2013),2013,25-10-2013,32
4467,Happy Durbar (2011),2011,12-09-2011,40
4471,Achan (2011),2011,,17
4473,Autograph (2010),2010,,95
4474,Navaagathan (2010),2010,,55
4475,Kallante Makan (2013),2013,07-05-2013,22
4476,Naayika (2011),2011,25-11-2011,67
4477,My Dear Kuttichaathan (Digital) (2011),2011,31-08-2011,80
4478,Snehaveedu (2011),2011,30-09-2011,92
4480,Orkut Oru Ormakkoottu (2012),2012,01-05-2012,43
4482,Spanish Masala (2012),2012,20-01-2012,91
4483,Paachuvum Kovaalanum (2011),2011,,42
4484,Saadhyam (2011),2011,,83
4485,Mr. Gulam (2009),2009,,40
4486,Innu Raavum Pakalum (2011),2011,,10
4487,Ee Thirakkinidayil (2012),2012,17-02-2012,40
4488,Thalsamayam Oru Penkutti (2012),2012,03-02-2012,78
4489,Father\'s Day (2012),2012,17-02-2012,62
4490,Deena (2001),2001,,93
4492,Beautiful (2011),2011,12-02-2011,80
4493,Venicile Vyaapaari (2011),2011,16-12-2011,50
4494,Unnam (2012),2012,02-10-2012,36
4495,Ordinary (2012),2012,17-03-2012,93
4496,Asuravithu (2012),2012,01-06-2012,75
4497,Second Show (2012),2012,02-03-2012,92
4498,Swapna Sanchaari (2011),2011,25-11-2011,87
4499,Ee Adutha Kaalathu (2012),2012,24-02-2012,91
4500,Nidra (2012),2012,24-02-2012,75
4501,Killaadi Raman (2011),2011,,40
4502,Naadabrahmam (2012),2012,08-03-2012,65
4503,Karmayogi (2012),2012,16-03-2012,44
4504,Nalla Bhaarya (2011),2011,,10
4505,Mizhi (2013),2013,07-05-2013,12
4506,Thaalam Thettiya Thaaraattu (2011),2011,,30
4507,Ezhaam Sooryan (2012),2012,25-05-2012,70
4508,MLA Mani Pathaam Classum Gusthiyum (2012),2012,20-04-2012,88
4509,Usthad Hotel (2012),2012,29-06-2012,96
4510,Lakshmivilaasam Renuka Makan Raghuraman (2012),2012,18-05-2012,22
4511,Njaanum Ente Familyum (2012),2012,02-04-2012,76
4512,Grand Master (2012),2012,05-03-2012,90
4513,Padmasree Bharath Dr Saroj Kumar (2012),2012,14-01-2012,80
4514,Business Man (2012),2012,,89
4515,Bachelor Party (2012),2012,15-06-2012,92
4517,Thiruvilayaadal (2005),2005,,78
4518,Aakaashathinte Niram (2012),2012,20-07-2012,86
4519,Veendum Kannoor  (2012),2012,06-01-2012,39
4520,Pigman (2013),2013,06-07-2013,62
4521,Yakshi - Faithfully Yours (2012),2012,14-12-2012,74
4522,Abhiyum Njaanum (2013),2013,31-05-2013,69
4523,Arike (2012),2012,18-05-2012,88
4524,Mallu Singh (2012),2012,05-04-2012,87
4525,Cowboy (2013),2013,15-02-2013,61
4527,Ivan Megharoopan (2012),2012,27-07-2012,72
4528,Thiruvambaadi Thampaan (2012),2012,25-05-2012,81
4529,Crime Story (2012),2012,03-09-2012,20
4530,Thanichalla Njaan (2012),2012,,60
4532,Thattathin Marayathu (2012),2012,07-06-2012,96
4533,22 Female Kottayam (2012),2012,13-04-2012,91
4534,Diamond Necklace (2012),2012,05-04-2012,91
4535,Hero (2012),2012,25-05-2012,82
4536,Maayaamohini (2012),2012,04-07-2012,76
4537,Husbands In Goa (2012),2012,21-09-2012,83
4538,Chattakkaari (2012),2012,13-09-2012,69
4539,Outsider (2012),2012,30-03-2012,42
4540,Mullamottum Munthirichaarum (2012),2012,07-12-2012,42
4541,Perinoru Makan (2012),2012,20-07-2012,56
4542,Kalikaalam (2012),2012,15-06-2012,67
4543,No. 66 Madhura Bus (2012),2012,26-06-2012,34
4544,Prabhuvinte Makkal (2012),2012,26-10-2012,88
4545,Cobra (2012),2012,04-12-2012,26
4546,Run Baby Run (2012),2012,29-08-2012,87
4547, Entry (2013),2013,01-04-2013,19
4548, Doctor Innocent Aanu (2012),2012,27-04-2012,26
4549, Grihanaathan (2012),2012,18-05-2012,56
4550,Simhaasanam (2012),2012,08-10-2012,82
4551,Spirit (2012),2012,14-06-2012,92
4552,Idavappaathi - No Mans Land (2016),2016,29-04-2016,41
4553,Textbook (2010),2010,27-06-2010,20
4558,Namukku Paarkkaan (2012),2012,29-06-2012,50
4559,Thaappaana (2012),2012,19-08-2012,82
4561,Ardhanaareeswaran (2012),2012,,83
4562,Dolls (2013),2013,15-03-2013,22
4564,Ezhaamathe Varavu (2013),2013,15-09-2013,90
4565,Mad Dad (2013),2013,01-11-2013,68
4566,Raktharakshassu (2014),2014,28-02-2014,42
4567,Friday 11.11.11 Alappuzha (2012),2012,18-08-2012,59
4570,Raksha (2012),2012,13-04-2012,61
4573,Snehathooval (Madhu (2006)) (2011),2011,,47
4575,Peru Sandhya Thozhil Dasi (Chingaari (2006)) (2011),2011,,20
4576,Naadodi Mannan (2013),2013,18-10-2013,28
4579,Da Thadiya (2012),2012,21-12-2012,94
4581,Cinema Company (2012),2012,27-07-2012,76
4582,Jawan of Vellimala (2012),2012,19-10-2012,77
4583,Trivandrum Lodge (2012),2012,21-09-2012,84
4584,Aakasmikam (2012),2012,28-12-2012,43
4586,Gangster (2014),2014,04-11-2014,66
4587,Banking Hours 10 to 4 (2012),2012,10-05-2012,76
4588,Athe Mazha Athe Veyil (2011),2011,12-09-2011,60
4589,Ni Ko Nja Cha (2013),2013,01-04-2013,63
4590,Naughty Professor (2012),2012,07-05-2012,54
4592,Maanthrikan (2012),2012,30-09-2012,73
4593,Bhoopadathil Illaatha Oridam (2012),2012,14-09-2012,63
4594,Ettekaal Second (2014),2014,28-02-2014,47
4598,God For Sale - Bhakthiprasthaanam (2013),2013,28-06-2013,60
4599,Samraajyam II (Son of Alexander) (2012),2012,06-05-2015,21
4602,House Full (2013),2013,15-02-2013,81
4605,Kunthaapura (2013),2013,19-07-2013,69
4607,Idukki Gold (2013),2013,10-11-2013,93
4608,Bangles (2013),2013,18-10-2013,34
4609,Parudeesa (2012),2012,26-10-2012,69
4612,Kanal (2015),2015,22-10-2015,68
4614,August Club (2013),2013,26-04-2013,82
4619,Lillies of March (2013),2013,13-12-2013,10
4620,Sreeraamaraajyam (2012),2012,27-07-2012,67
4622,Lisammayude Veedu (2012),2012,01-04-2013,58
4625,Aazhakkadal (2011),2011,06-03-2011,22
4626,Adhikaaram (2011),2011,,10
4627,Lovely Days (2011),2011,,60
4628,Lady Bruce Lee (2011),2011,,40
4630,Oru Nerinte Nombaram (2013),2013,02-08-2013,22
4631,Seetha (2011),2011,,49
4632,Sivapuram (2011),2011,,46
4633,Ithu Manthramo Thanthramo Kuthanthramo (2013),2013,15-03-2013,21
4634,Molly Aunty Rocks (2012),2012,14-09-2012,87
4635,Mullassery Madhavankutty Nemam PO (2012),2012,02-10-2012,52
4637,Superstar Santhosh Pandit (2012),2012,08-03-2012,30
4639,Last Bench (2012),2012,08-03-2012,61
4640,Bhoomiyude Avakaashikal (2012),2012,24-01-2014,78
4641,Idiots (2012),2012,23-11-2012,79
4642,Nine One Six - 916 (2012),2012,11-10-2012,45
4643,Blackberry (2013),2013,09-06-2013,57
4645,Kochi To Kodambaakkam (2012),2012,26-10-2012,40
4647,Ozhimuri (2012),2012,09-07-2012,90
4648,Annum Innum Ennum (2013),2013,18-01-2013,64
4649,My Boss (2012),2012,11-10-2012,89
4651,The Reporter (2015),2015,03-06-2015,36
4652,Oru Yaathrayil (2013),2013,18-01-2013,20
4656,Left Right Left (2013),2013,14-06-2013,97
4658,Kochi (2012),2012,02-10-2012,45
4660,Mr Pavanaayi 99.99 (2012),2012,27-09-2019,59
4662,Scene 1 Nammude Veedu (2012),2012,23-11-2012,41
4663,Breaking News Live (2013),2013,15-02-2013,50
4669,Madirasi (2012),2012,12-07-2012,67
4670,Ayaalum Njaanum Thammil (2012),2012,19-10-2012,97
4672,My Dear Mummy (2014),2014,05-09-2014,77
4673,Lt. Col. Satheesh Pandit (2012),2012,,40
4674,Little Master (2012),2012,13-07-2012,50
4675,Radio (2013),2013,03-08-2013,37
4676,Hide N Seek (2012),2012,12-07-2012,60
4679,Ivan Ardhanaari (2012),2012,23-11-2012,83
4681,Kaashh (2012),2012,26-10-2012,11
4683,Poppins (2012),2012,30-11-2012,46
4684,Padmavyooham (2012),2012,,66
4685,Honeybee (2013),2013,06-07-2013,92
4686,Karmayodha (2012),2012,21-12-2012,78
4687,Romans (2013),2013,17-01-2013,91
4689,Akam (2013),2013,26-04-2013,69
4690,Eecha (2012),2012,07-06-2012,86
4692,Janaki (2018),2018,23-02-2018,60
4693,Face 2 Face (2012),2012,30-11-2012,58
4694,Dracula (2013),2013,02-08-2013,92
4696,Graamam (2012),2012,08-10-2012,75
4697,Ente (2013),2013,01-04-2013,52
4698,Puthiya Theerangal (2012),2012,27-09-2012,70
4700,Neeraajanam (2012),2012,08-10-2012,90
4701,Thoppi (2016),2016,,54
4702,Ithra Maathram (2012),2012,14-09-2012,86
4705,Raasaleela (2012),2012,09-07-2012,61
4708,3G - Third Generation (2013),2013,10-04-2013,57
4710,Gajapokkiri (2012),2012,17-08-2012,91
4712,101 Weddings (2012),2012,23-11-2012,88
4713,Chaarulatha (2012),2012,21-09-2012,85
4714,English (2013),2013,24-05-2013,60
4715,Kutteem Kolum (2013),2013,30-03-2013,34
4717,Celluloid (2013),2013,15-02-2013,96
4718,Pedithondan (2014),2014,31-10-2014,78
4719,3 Dots (2013),2013,22-03-2013,84
4720,Baavuuttiyude Naamathil (2012),2012,21-12-2012,85
4721,Lokpal (2013),2013,31-01-2013,29
4722,101 Chodyangal (2013),2013,26-07-2013,95
4723,Black Butterfly (2013),2013,15-02-2013,81
4724,Chapters (2012),2012,12-07-2012,69
4725,Matinee (2012),2012,13-12-2012,72
4726,Natholi Oru Cheriya Meenalla (2013),2013,02-08-2013,68
4727,David and Goliath (2013),2013,22-02-2013,75
4728,Amen (2013),2013,22-03-2013,93
4729,10:30 AM Local Call (2013),2013,22-02-2013,78
4730,Cheetah (2012),2012,,50
4731,Isaac Newton S/o Philippose (2013),2013,01-11-2013,32
4732,Theevram (2012),2012,16-11-2012,92
4734,Annayum Rasoolum (2013),2013,01-04-2013,94
4735,Emmanuel (2013),2013,04-05-2013,68
4736,Ginger (2013),2013,11-08-2013,60
4737,Chettaayees (2012),2012,30-11-2012,71
4738,72 Model (2013),2013,26-04-2013,36
4739,Sound Thoma (2012),2012,04-05-2013,45
4740,KQ (2013),2013,27-09-2013,52
4741,The Hitlist (2012),2012,12-07-2012,79
4742,Oru Kudumba Chithram (2012),2012,12-07-2012,95
4743,Shutter (2013),2013,22-02-2013,89
4744,Ladies and Gentleman (2013),2013,04-12-2013,67
4745,ABCD (2013),2013,14-06-2013,85
4746,I Love Me (2012),2012,21-12-2012,36
4747,Chaayilyam (2014),2014,31-01-2014,62
4750,Kili Poyi (2013),2013,,78
4751,Rebecca Uthup Kizhakkemala (2013),2013,03-07-2013,40
4752,My Fan Ramu (2013),2013,01-04-2013,22
4753,Good Bad and Ugly (2013),2013,13-12-2013,35
4754,Tourist Home (2013),2013,07-05-2013,40
4758,Nakhangal (2013),2013,18-01-2013,30
4759,Proprietors : Kammath & Kammath (2013),2013,25-01-2013,79
4761,Minimolude Achan (2014),2014,28-02-2014,55
4762,Poompaattakalude Thaazhvaaram (2013),2013,03-08-2013,77
4763,Bhaarya Athra Pora (2013),2013,05-03-2013,66
4764,Omega.exe (2013),2013,03-01-2013,70
4765,Rose Guitarinaal (2013),2013,03-01-2013,45
4766,SIM (2013),2013,19-04-2013,34
4769,Red Alert (2012),2012,19-08-2012,64
4770,Kalimannu (2013),2013,22-08-2013,65
4772,Crocodile Love Story (2013),2013,19-07-2013,55
4773,Kaliyachan (2013),2013,24-09-2015,55
4774,Kunjananthante Kada (2013),2013,30-08-2013,84
4776,Vallatha Pahayan (2013),2013,17-05-2013,50
4778,Avar Iruvarum (2018),2018,30-11-2018,80
4779,Artist (2013),2013,30-08-2013,88
4780,Climax (2013),2013,19-04-2013,62
4781,Orissa (2013),2013,17-05-2013,83
4782,D Company (2013),2013,13-09-2013,76
4783,Up &amp; Down Mukalil Oraalundu (2013),2013,24-05-2013,90
4785,Good Idea (2013),2013,15-03-2013,86
4786,Progress Report (2013),2013,26-04-2013,60
4788,Neram (2013),2013,05-10-2013,94
4789,8:20 (2014),2014,25-12-2014,40
4790,Money Back Policy (2013),2013,21-06-2013,38
4793,Cinema @ PWD Rest House (2015),2015,02-06-2015,34
4794,Teens (2013),2013,06-07-2013,34
4797,Kadal Kadannu Oru Mathukkutty (2013),2013,08-08-2013,74
4798,Parankimala (2014),2014,21-03-2014,44
4799,Bunty Chor (2013),2013,10-11-2013,30
4800,Village Guys (2015),2015,01-09-2015,29
4801,Ente Puthiya Number (2013),2013,26-04-2013,12
4807,Aaru Sundarimaarude Kadha (2013),2013,17-05-2013,43
4808,Miss Lekha Tharoor Kaanunnathu (2013),2013,29-11-2012,55
4809,Thank You (2013),2013,14-06-2013,85
4810,Swapaanam (2014),2014,27-02-2014,69
4811,Pullippulikalum Aattinkuttiyum (2013),2013,08-09-2013,90
4812,How Old Are You (2014),2014,17-05-2014,75
4814,Ayaal (2013),2013,28-06-2013,67
4817,Thira (2013),2013,14-11-2013,95
4818,Choodan (2013),2013,17-05-2013,30
4821,On The Way (2014),2014,03-07-2014,66
4823,London Bridge (2014),2014,02-01-2014,78
4824,For Sale (2013),2013,25-10-2013,40
4825,Radio Jockey (2013),2013,20-09-2013,20
4826,5 Sundarikal (2013),2013,22-06-2013,87
4827,Buddy (2013),2013,07-05-2013,76
4828,Pottas Bomb (2013),2013,25-10-2013,43
4830,Nadan (2013),2013,22-11-2013,65
4831,Police Maman (2013),2013,07-12-2013,32
4832,Neelaakaasham Pachakkadal Chuvanna Bhoomi (2013),2013,08-09-2013,96
4834,Sringaaravelan (2013),2013,14-09-2013,78
4835,Memories (2013),2013,08-09-2013,95
4837,Camel Safari (2013),2013,10-04-2013,72
4839,Aasha Black (2014),2014,10-10-2014,87
4840,Vedivazhipaadu (2013),2013,12-12-2013,78
4841,Escape From Uganda (2013),2013,29-11-2013,83
4842,Pranayakadha (2014),2014,17-01-2014,17
4843,Gamer (2014),2014,04-04-2014,37
4844,Olipporu (2013),2013,23-08-2013,31
4845,Kadhaveedu (2013),2013,11-08-2013,52
4846,Zachariyayude Garbhinikal (2013),2013,27-09-2013,87
4847,Arikil Oraal (2013),2013,30-08-2013,89
4848,Salaam Kashmir (2013),2013,13-02-2014,29
4849,Spider House (2014),2014,30-05-2014,20
4851,Daivathinte Swantham Cleetus (2013),2013,09-12-2013,84
4852,Oru Indian Pranayakadha (2013),2013,20-12-2013,94
4854,Hangover (2014),2014,02-08-2014,35
4855,North 24 Kaatham (2013),2013,15-09-2013,96
4856,Cold Storage (2013),2013,,50
4857,Vasanthathinte Kanalvazhikalil (2014),2014,,91
4859,Kaanchi (2013),2013,10-04-2013,77
4861,Geethaanjali (2013),2013,14-11-2013,82
4862,Caribbean (2013),2013,20-09-2013,30
4863,Pakida (2014),2014,14-02-2014,74
4864,@Andheri (2014),2014,14-02-2014,42
4865,Rasputin (2015),2015,08-07-2015,68
4866,Philips And The Monkey Pen (2013),2013,11-07-2013,94
4867,Penangunni (2013),2013,08-02-2013,77
4870,Last Bus 8:35 (2013),2013,10-04-2013,34
4871,Namboothiri Yuvaavu @ 43 (2013),2013,29-11-2013,30
4873,Punyaalan Agarbathees (2013),2013,29-11-2013,95
4874,Mannar Mathai Speaking II (2014),2014,24-01-2014,71
4875,Green Apple (2018),2018,23-03-2018,62
4876,Oru Soappetty Kadha (2013),2013,15-11-2013,40
4877,Koottathil Oraal (2014),2014,17-10-2014,30
4878,To Let Ambadi Talkies (2013),2013,23-05-2014,37
4879,Pizza (2012),2012,,93
4880,Calling Bell (2016),2016,24-06-2016,30
4881,Yodhaavu (2013),2013,,60
4882,Chewing Gum (2013),2013,12-06-2013,35
4884,The Last Supper (2014),2014,05-09-2014,34
4885,Vishudhan (2013),2013,22-11-2013,87
4886,1983 (2014),2014,31-01-2014,93
4887,Weeping Boy (2013),2013,12-05-2013,55
4888,Drishyam (2013),2013,19-12-2013,96
4889,Lailaa O Lailaa (2015),2015,14-05-2015,68
4890,Bicycle Thieves (2013),2013,29-11-2013,94
4891,Ezhu Sundara Raathrikal (2013),2013,20-12-2013,77
4892,Call Me @ (2014),2014,30-05-2014,48
4893,Kerala Today (2013),2013,21-08-2015,50
4896,Kalidasan Kavitha Ezhuthukayaanu (2013),2013,25-12-2014,20
4897,The Power of Silence (2013),2013,12-07-2013,79
4898,Once Upon A Time There Was A Kallan (2013),2013,,80
4902,Baadsha (2014),2014,,64
4903,Aval Vannathinu Sesham (2015),2015,07-03-2015,20
4904,Naayak (2013),2013,,87
4906,The Dolphins (2014),2014,21-11-2014,58
4908,Kavacham (2013),2013,,40
4913,Wound (2014),2014,27-06-2014,40
4914,Flat No. 4B (2014),2014,31-01-2014,48
4916,Baalyakaalasakhi (2014),2014,02-07-2014,82
4919,Pianist (2014),2014,06-06-2014,47
4920,Salala Mobiles (2014),2014,23-01-2014,83
4921,Om Shaanthi Oshaana (2014),2014,02-07-2014,96
4922,Test Paper (2014),2014,13-06-2014,34
4924,Ponnarayan (2014),2014,04-04-2014,60
4925,Oru Korean Padam (2014),2014,14-11-2014,41
4926,Polytechnic (2014),2014,04-12-2014,68
4927,Happy Journey (2014),2014,21-02-2014,74
4928,7th Day (2014),2014,04-12-2014,92
4929,Ulsaaha Committee (2014),2014,05-02-2014,76
4931,Medulla Oblongata (2014),2014,16-05-2014,64
4932,Snehamulloraal Koodeyullappol (2014),2014,03-07-2014,22
4935,Buddhanum Chaplinum Chirikkunnu (2016),2016,12-02-2016,50
4936,Manja (2014),2014,28-02-2014,51
4937,My Life Partner (2014),2014,06-06-2014,86
4938,Mr Fraud (2014),2014,17-05-2014,77
4939,Alice A True Story (2014),2014,21-02-2014,30
4942,Love Land (2015),2015,03-06-2015,60
4943,Nattarangu (2014),2014,28-02-2014,73
4944,Konthayum Poonoolum (2014),2014,14-03-2014,57
4945,Red Rain (2013),2013,12-06-2013,94
4946,Praise The Lord (2014),2014,20-03-2014,54
4947,Onnum Mindaathe (2014),2014,29-03-2014,75
4948,Law Point (2014),2014,05-01-2014,81
4950,Samsaaram Arogyathinu Haanikaram (2014),2014,25-04-2014,94
4951,Ring Master (2014),2014,04-12-2014,86
4952,Perariyaathavar (2015),2015,01-09-2015,92
4953,1 by Two (2014),2014,19-04-2014,54
4954,CR. No. 89 (2015),2015,06-05-2015,69
4955,Masala Republic (2014),2014,25-04-2014,72
4956,To Noora With Love (2014),2014,05-01-2014,87
4957,Mosayile Kuthira Meenukal (2014),2014,05-01-2014,92
4958,Swaaha (2014),2014,20-06-2014,78
4959,God\'s Own Country (2014),2014,05-09-2014,86
4960,Bangalore Days (2014),2014,30-05-2014,97
4961,Aakaashangalil (2015),2015,01-02-2015,40
4962,Garbhashreemaan (2014),2014,06-06-2014,48
4963,Valiya Chirakulla Pakshikal (2015),2015,12-04-2015,76
4964,Ottamandaaram (2014),2014,,82
4966,Koothara (2014),2014,13-06-2014,84
4967,Naakku Penta Naakku Taaka (2014),2014,13-06-2014,72
4968,Angry Babies in Love (2014),2014,14-06-2014,82
4970,Manglish (2014),2014,27-07-2014,80
4971,Vellivelichathil (2014),2014,19-09-2014,48
4972,Beware of Dogs (2014),2014,20-06-2014,78
4973,Gunda (2014),2014,20-06-2014,37
4974,Monaayi Angane Aanaayi (2014),2014,27-06-2014,33
4975,Apothecary (2014),2014,08-07-2014,90
4977,Ithu Thaanda Police - Driver On Duty (2016),2016,18-03-2016,74
4978,Namasthe Bali Island (2015),2015,27-02-2015,45
4979,Dhanayathra (2016),2016,13-05-2016,61
4980,Villaali Veeran (2014),2014,09-06-2014,61
4981,Picket 43 (2015),2015,23-01-2015,95
4982,Monsoon (2015),2015,26-06-2015,63
4983,Vegam (2014),2014,07-11-2014,67
4984,Malayalakkara Residency (2014),2014,07-04-2014,60
4985,1 Day Jokes (2014),2014,05-02-2014,10
4986,Sapthamasree Thaskara (2014),2014,09-06-2014,94
4988,Avathaaram (2014),2014,08-01-2014,84
4989,Peruchazhi (2014),2014,29-08-2014,77
4990,Hi I&#39;m Tony (2014),2014,26-07-2014,55
4991,Vikramaadithyan (2014),2014,25-07-2014,95
4992,John Paul Vaathil Thurakkunnu (2014),2014,22-08-2014,41
4993,Bhayya Bhayya (2014),2014,09-05-2014,62
4994,Solar Swapnam (2014),2014,18-07-2014,60
4996,Raajaadhiraaja (2014),2014,09-05-2014,81
4997,Nellikka (2015),2015,03-06-2015,62
4998,Odum Raja Aadum Rani (2014),2014,21-11-2014,78
4999,Nanmakal Pookkunna Naattil (2014),2014,19-08-2014,60
5000,Sand City (2015),2015,01-02-2015,40
5001,Njaan Steve Lopez (2014),2014,08-08-2014,81
5002,Munnariyippu (2014),2014,22-08-2014,93
5003,Mizhi Thurakku (2014),2014,22-08-2014,60
5004,Lal Bahadur & Shastri (2014),2014,21-11-2014,54
5009,Ammaykkoru Thaaraattu (2015),2015,01-09-2015,40
5010,Njangalude Veettile Athidhikal (2014),2014,30-10-2014,39
5011,Homely Meals (2014),2014,10-03-2014,94
5012,Mathaayi Kuzhappakkaaranalla (2014),2014,28-11-2014,74
5013,Maramkothi (2014),2014,10-10-2014,67
5014,Money Rathnam (2014),2014,26-09-2014,76
5015,Nagara Vaaridhi Naduvil Njaan (2014),2014,25-12-2014,86
5017,Vellimoonga (2014),2014,25-09-2014,91
5018,Varsham (2014),2014,11-06-2014,93
5019,Njaan (Self Portrait) (2014),2014,19-09-2014,61
5020,Mylaanchi Monchulla Veedu (2014),2014,28-11-2014,89
5021,Dafedaar (2016),2016,21-10-2016,45
5024,Charithra Vamsham (2014),2014,06-06-2014,60
5025,Color Balloon (2014),2014,12-12-2014,46
5026,Education Loan (2014),2014,31-10-2014,10
5027,Tamaar Pataar (2014),2014,10-03-2014,77
5028,Persiakkaaran (2014),2014,10-10-2014,34
5029,Pulimurukan (2016),2016,10-07-2016,78
5030,Ithihaasa (2014),2014,10-10-2014,89
5031,Iyyobinte Pusthakam (2014),2014,11-07-2014,95
5032,Kalyanism (2015),2015,03-06-2015,38
5036,Ormayundo Ee Mukham (2014),2014,14-11-2014,92
5037,Little Superman 3D (2014),2014,13-11-2014,38
5038,Ennum Eppozhum (2015),2015,27-03-2015,87
5039,Rani Padmini (2015),2015,23-10-2015,79
5042,Runner (2013),2013,18-10-2013,77
5044,Shesham Kadhaabhaagam (2014),2014,18-07-2014,40
5049,Alif (2015),2015,27-02-2015,70
5050,Bhaskar the Rascal (2015),2015,17-04-2015,89
5051,Kaaranavar (2014),2014,12-05-2014,50
5053,Mummyude Swantham Achoos (2014),2014,10-02-2014,25
5055,Chennaikkoottam (2016),2016,03-04-2016,41
5056,Nakshathrangal (2014),2014,10-10-2014,66
5058,Toss (2014),2014,28-03-2014,50
5059,Study Tour (2014),2014,10-10-2014,60
5060,Sarvaadhipan (2014),2014,,60
5061,Cousins (2014),2014,19-12-2014,83
5062,Aamayum Muyalum (2014),2014,19-12-2014,64
5063,Okay Kanmani (2015),2015,15-04-2015,91
5064,Kurutham Kettavan (2014),2014,17-10-2014,65
5065,Maayaapuri 3D (2015),2015,01-09-2015,56
5066,Central Theatre (2014),2014,26-09-2014,34
5067,Mariyam Mukku (2015),2015,23-01-2015,60
5070,Lucky The Racer (2014),2014,25-04-2014,91
5076,Maanikyam (2015),2015,27-02-2015,50
5077,Rasam (2015),2015,23-01-2015,61
5078,Mili (2015),2015,23-01-2015,85
5079,Chandrettan Evideya (2015),2015,05-01-2015,89
5080,Ivan Maryaadaraaman (2015),2015,04-04-2015,79
5081,Jalam (2016),2016,29-01-2016,65
5083,Thaarakangale Saakshi (2015),2015,21-08-2015,40
5084,John Honai (2015),2015,12-11-2015,42
5085,100 Days of Love (2015),2015,20-03-2015,94
5086,Seconds (2014),2014,12-05-2014,79
5087,Fireman (2015),2015,19-02-2015,91
5088,She Taxi (2015),2015,05-01-2015,67
5089,Oru Vadakkan Selfie (2015),2015,27-03-2015,92
5090,Onnam Loka Mahaayudham (2015),2015,03-06-2015,82
5091,Ain (2014),2014,,68
5092,Ellam Chettante Ishtam pole (2015),2015,01-09-2015,52
5093,Aadu oru Bheekara Jeeviyanu (2015),2015,02-06-2015,71
5094,Saaradhi (2015),2015,13-02-2015,81
5095,Premam (2015),2015,06-05-2015,94
5096,Thinkal Muthal Velli Vare (2015),2015,06-12-2015,35
5097,Oru Second Class Yathra (2015),2015,05-08-2015,92
5098,32am Adhyaayam 23am Vaakyam (2015),2015,19-06-2015,81
5099,Nee-Na (2015),2015,15-05-2015,80
5100,Raag Rangeela (2015),2015,13-02-2015,30
5101,1000 : Oru Note Paranja Katha (2015),2015,13-02-2015,20
5102,Mashithandu (2015),2015,30-01-2015,40
5103,Haram (2015),2015,20-02-2015,60
5104,White Boys (2015),2015,27-02-2015,50
5105,Compartment (2015),2015,27-02-2015,73
5106,Elanjikkavu P.O (2015),2015,13-03-2015,40
5107,Njaan Ninnodu Koodeyundu (2015),2015,20-03-2015,47
5108,Chirakodinja Kinaavukal (2015),2015,05-01-2015,87
5109,Sir C P (2015),2015,15-05-2015,55
5110,Swargathekkal Sundaram (2015),2015,22-05-2015,45
5111,Kumbasaaram (2015),2015,22-05-2015,81
5112,Ivide (2015),2015,29-05-2015,82
5114,Unto the Dusk (Asthamayam Vare) (2015),2015,06-05-2015,71
5115,Lukka Chuppi (2015),2015,06-05-2015,91
5116,Nirnnayakam (2015),2015,06-05-2015,94
5117,Appavum Veenjum (2015),2015,06-12-2015,82
5118,Mythri (2015),2015,06-12-2015,82
5119,Kaanthaari (2015),2015,19-06-2015,31
5120,3 Wickettinu 365 Runs (2015),2015,19-06-2015,12
5121,Rudrasimhasanam (2015),2015,31-07-2015,79
5122,Lord Livingstone 7000 Kandi (2015),2015,16-10-2015,85
5123,St Mariesile Kolapathakam (2015),2015,26-06-2015,20
5124,8th March (2015),2015,,63
5125,Achaa Din (2015),2015,17-07-2015,48
5126,Loham (2015),2015,20-08-2015,76
5127,Double Barrel (2015),2015,27-08-2015,86
5128,Baahubali The Beginning (2015),2015,07-10-2015,84
5129,Utopiayile Raajaavu (2015),2015,27-08-2015,60
5130,Madhura Naaranga (2015),2015,17-07-2015,90
5131,Jamna Pyari (2015),2015,27-08-2015,75
5132,Loka Samastha (2015),2015,07-03-2015,30
5133,Pathemaari (2015),2015,10-09-2015,95
5134,Ennu Ninte Moideen (2015),2015,19-09-2015,95
5135,Amar Akbar Anthony (2015),2015,16-10-2015,93
5136,Nikkah (2015),2015,16-10-2015,76
5137,Jilebi (2015),2015,31-07-2015,89
5138,Viswasam Athalle Ellam (2015),2015,31-07-2015,50
5140,Wonderful Journey (2015),2015,07-03-2015,68
5141,Njaan Samvidhaanam Cheyyum (2015),2015,19-09-2015,47
5142,Love 24x7 (2015),2015,18-07-2015,80
5143,Ayaal Njanalla (2015),2015,31-07-2015,81
5146,Hai Ramcharan (2013),2013,01-04-2013,40
5148,Kaattumaakkaan (2016),2016,02-12-2016,35
5152,Oru New Generation Pani (2015),2015,07-03-2015,30
5153,Son Of Satyamurthy (2015),2015,,93
5154,Life Of Josutty (2015),2015,24-09-2015,85
5155,KL10 Pathu (2015),2015,18-07-2015,86
5162,Vasudha (2013),2013,,90
5164,You Too Brutus (2015),2015,,77
5165,Iyer In Pakistan (2014),2014,14-12-2014,60
5166,Charlie (2015),2015,24-12-2015,94
5167,Kunjiramayanam  (2015),2015,28-08-2015,96
5168,Aakaashvaani (2016),2016,19-02-2016,51
5173,Kanyaka Talkies (2015),2015,07-10-2015,65
5176,Plus Or Minus (2015),2015,07-10-2015,58
5177,Kulamkuthikal (2014),2014,01-04-2014,80
5178,Chakkaramampazham (2014),2014,03-07-2014,60
5179,Poyi Maranju Parayaathe (2016),2016,27-05-2016,57
5180,Mithram (2015),2015,,20
5181,Kerala Home Guards (2014),2014,22-08-2014,60
5182,Killer  (2014),2014,10-02-2014,92
5183,Prathinayakan (2014),2014,28-11-2014,80
5184,Love Story (2014),2014,,63
5186,Angels (2014),2014,28-11-2014,61
5187,Actually (2014),2014,12-05-2014,55
5190,Saigal Paadukayaanu (2015),2015,10-02-2015,38
5191,Swarnnakkaduva  (2016),2016,11-04-2016,73
5192,Ekalavya (2014),2014,12-06-2014,86
5193,Anaarkkali (2015),2015,13-11-2015,93
5194,Rudhramaadevi (2015),2015,10-09-2015,83
5195,2 Countries (2015),2015,25-12-2015,92
5196,Chakravyooham (2015),2015,,80
5197,High Alert (2015),2015,14-08-2015,60
5198,Just Married (2015),2015,14-08-2015,34
5199,My God (2015),2015,12-04-2015,83
5203,Action Hero Biju (2016),2016,02-04-2016,91
5207,Ma Chu Ka (2017),2017,06-09-2017,67
5208,King Liar (2016),2016,04-02-2016,87
5209,White (2016),2016,29-07-2016,51
5210,Mudhugauv (2016),2016,13-05-2016,90
5211,Mumbai Taxi (2015),2015,08-07-2015,63
5212,Su Su Sudhi Vaathmeekam (2015),2015,20-11-2015,95
5214,Swaasam (2014),2014,,30
5215,Ottaal (2015),2015,11-06-2015,95
5216,Zacharia Pothen Jeevichirippundu (2016),2016,11-03-2017,33
5217,Ithinumappuram (2015),2015,10-09-2015,60
5218,Amoeba (2016),2016,22-01-2016,50
5219,Ivide Ee Nagarathil (2015),2015,30-08-2019,64
5220,Thilothama (2015),2015,,40
5221,Sukhamaayirikkatte (2016),2016,02-05-2016,22
5222,ATM (2015),2015,12-04-2015,68
5223,Kohinoor (2015),2015,24-09-2015,92
5224,Rajamma@Yahoo (2015),2015,20-11-2015,85
5226,Maalgudi Days (2016),2016,01-08-2016,84
5227,Girls (2016),2016,11-04-2016,30
5229,Uthara Chemmeen (2015),2015,14-08-2015,17
5230,Puthiya Niyamam (2016),2016,02-12-2016,88
5231,Aana Mayil Ottakam (2015),2015,27-11-2015,58
5234,Adventures of Omanakuttan (2017),2017,19-05-2017,79
5235,Adi Kappyare Koottamani (2015),2015,25-12-2015,95
5236,Valleem Thetti Pulleem Thetti (2016),2016,05-12-2016,71
5237,Urumbukal Urangaarilla (2015),2015,19-09-2015,85
5238,Paavaada (2016),2016,15-01-2016,82
5240,Vetta (2016),2016,26-02-2016,90
5241,Darvinte Parinaamam (2016),2016,18-03-2016,86
5242,Anuraaga Karikkin Vellam (2016),2016,07-07-2016,92
5243,Maheshinte Prathikaaram (2016),2016,02-05-2016,95
5244,Tiyaan (2017),2017,07-07-2017,88
5246,Namukkore Aakaasham (2015),2015,10-09-2015,70
5247,Sakhaavu (2017),2017,15-04-2017,80
5248,Salt Mango Tree (2015),2015,11-06-2015,93
5249,Ben (2015),2015,11-06-2015,87
5250,Aadupuliyaattam (2016),2016,20-05-2016,75
5251,1971 Beyond Borders (2017),2017,04-07-2017,76
5253,Oraalppokkam (2015),2015,10-02-2015,72
5255,Jacobinte Swargaraajyam (2016),2016,04-08-2016,96
5256,Monsoon Mangoes (2016),2016,15-01-2016,78
5257,Jo And The Boy (2015),2015,24-12-2015,87
5258,Akkaldaamayile Pennu (2015),2015,20-11-2015,56
5259,Style (2016),2016,01-02-2016,52
5260,Hello Namasthe (2016),2016,19-02-2016,78
5261,1948 Kaalam Paranjathu (2019),2019,01-04-2019,96
5262,Rock Star (2015),2015,12-03-2015,84
5263,Mohavalayam (2016),2016,18-03-2016,55
5264,Pachakkallam (2016),2016,29-01-2016,36
5265,Kukkiliyaar (2015),2015,12-11-2015,50
5267,Ariyaathe Ishtamaay (2015),2015,12-11-2015,20
5268,Jeevanam (2010),2010,,40
5269,Lasaagu (2015),2015,05-08-2015,42
5271,Devayaanam (2017),2017,03-10-2017,20
5272,2 Penkuttikal (2016),2016,22-01-2016,84
5273,Aalroopangal (2016),2016,01-08-2016,51
5274,History of Joy (Nallanadappu) (2017),2017,24-11-2017,53
5275,Kadhaantharam (2016),2016,22-01-2016,50
5276,Zoom (2016),2016,09-03-2016,46
5278,Aakaashangalkkappuram (2016),2016,22-01-2016,45
5279,Paa.Va Paappanekurichum Varkeyekurichum (2016),2016,22-07-2016,55
5280,Karinkunnam Sixes (2016),2016,07-06-2016,79
5285,School Bus (2016),2016,27-05-2016,75
5288,Oozham (2016),2016,09-08-2016,86
5289,Kolamass (2016),2016,03-04-2016,38
5290,Appuram Bengal Ippuram Thiruvithaamkoor (2016),2016,03-04-2016,39
5291,Kali (2016),2016,26-03-2016,91
5292,Leela (2016),2016,22-04-2016,62
5293,James and Alice (2016),2016,05-05-2016,92
5294,Noolppaalam (2016),2016,03-04-2016,70
5295,Iruvazhi Thiriyunnidam (2015),2015,27-02-2015,50
5296,Yaathra Chodikkaathe (2016),2016,04-08-2016,55
5298,Dooram (Love & Love Only) (2016),2016,19-08-2016,42
5299,Oru Muthassi Gada (2016),2016,14-09-2016,90
5300,Oru Murai Vanthu Paarthaayaa (2016),2016,27-05-2016,89
5301,Shajahaanum Pareekuttiyum (2016),2016,07-06-2016,65
5302,Moonnaam Naal Njaayaraazhcha (2016),2016,18-03-2016,60
5303,Hallelooya (2016),2016,20-05-2016,56
5304,Kamboji (2017),2017,31-03-2017,64
5305,Kammattippaadam (2016),2016,20-05-2016,93
5306,Maanasaantharappetta Yezdi (2016),2016,04-01-2016,64
5307,Shikhaamani (2016),2016,29-04-2016,77
5308,Welcome to Central Jail (2016),2016,09-10-2016,58
5309,Happy Wedding (2016),2016,20-05-2016,88
5310,Idi (2016),2016,08-12-2016,46
5311,Kasaba (2016),2016,07-07-2016,73
5312,Avarude Raavukal (2017),2017,23-06-2017,71
5313,Oppam (2016),2016,09-08-2016,88
5314,168 Hours (2016),2016,26-08-2016,44
5316,Thoppil Joppan (2016),2016,10-07-2016,76
5317,Ore Mukham (2016),2016,12-02-2016,88
5318,Yodhaavu (2016),2016,27-05-2016,89
5319,Angane Thanne Nethaave Anchettennam Pinnaale (2016),2016,06-03-2016,36
5321,Ozhivudivasathe Kali (2015),2015,17-06-2016,87
5322,Anyarkku Praveshanamilla (2016),2016,17-06-2016,21
5323,Pretham (2016),2016,08-12-2016,89
5324,King (2002) (2009),2009,,61
5325,Dum (2016),2016,26-08-2016,41
5326,Vikalpam (2016),2016,09-01-2016,64
5327,Guppy (2016),2016,08-05-2016,96
5329,Aneezya (2016),2016,24-06-2016,25
5331,Kavi Udheshichathu ? (2016),2016,10-08-2016,88
5332,Koppayile Kodumkaattu (2016),2016,30-09-2016,38
5333,Pinneyum (2016),2016,18-08-2016,70
5334,Kochavva Paulo Ayyappa Coelho (2016),2016,09-09-2016,86
5335,Vilakkumaram (2017),2017,16-06-2017,54
5336,Ann Mariya Kalippilaanu (2016),2016,08-05-2016,93
5338,Vismayam (2016),2016,08-05-2016,85
5339,Kismath (2016),2016,29-07-2016,88
5340,Team 5 (2017),2017,21-07-2017,67
5341,Lens (2016),2016,17-06-2016,87
5342,Real Fighter (2016),2016,29-07-2016,30
5343,Padmini (2018),2018,21-10-2018,60
5344,Olessia (2013),2013,08-09-2019,81
5345,Oru Mexican Apaaratha (2017),2017,03-03-2017,80
5346,Janatha Garage (2016),2016,09-01-2016,86
5347,Popcorn (2016),2016,27-08-2016,76
5348,LBW (2016),2016,26-08-2016,60
5349,Shyam (2016),2016,26-08-2016,39
5350,Appooppan Thaadi (2016),2016,26-08-2016,20
5351,Mud Maza (2016),2016,26-08-2016,80
5352,Vanyam (2016),2016,09-03-2016,68
5355,Kammaara Sambhavam (2016),2016,14-04-2018,73
5356,My Story (2018),2018,07-06-2018,51
5357,Olappeeppi (2016),2016,30-09-2016,94
5359,Lahala (2016),2016,,27
5361,Mohanjadaro Aarappa (2016),2016,09-03-2016,60
5362,Aanandam (2016),2016,21-10-2016,95
5364,Oru Malayalam Color Padam (2016),2016,17-03-2017,20
5365,Smart Boys (2016),2016,03-04-2016,90
5366,Marupadi (2016),2016,12-09-2016,84
5368,Panjaakshari (2016),2016,,38
5369,Ottakkolam (2016),2016,23-09-2016,42
5370,Thondimuthalum Driksaakshiyum (2017),2017,30-06-2017,91
5374,Sathya - Man on the Road (2017),2017,20-04-2017,30
5375,Jomonte Suviseshangal (2016),2016,19-01-2017,67
5376,The Great Father (2017),2017,30-03-2017,88
5377,Chicken Kokkachi (2017),2017,06-09-2017,69
5378,Munroe Thuruthu (2016),2016,11-11-2016,80
5379,0-41* (2016),2016,15-08-2016,69
5380,Godha (2017),2017,19-05-2017,94
5381,Kattappanayile Hrithik Roshan (2016),2016,18-11-2016,92
5382,Kuttikalundu Sookshikkuka (2016),2016,12-02-2016,87
5383,Munthirivallikal Thalirkkumpol (2016),2016,20-01-2017,70
5384,Fukhri (2017),2017,02-03-2017,73
5385,10 Kalpanakal (2016),2016,25-11-2016,81
5386,Chinna Daada (2016),2016,26-08-2016,58
5389,Kolumittaayi (2016),2016,11-04-2016,92
5390,Veeram (2017),2017,24-02-2017,60
5391,Georgettan\'s Pooram (2017),2017,04-01-2017,38
5392,Thrissivaperoor Kliptham (2017),2017,08-11-2017,68
5393,Pallikkoodam (2016),2016,11-04-2016,58
5394,Kaappiri Thuruthu (2016),2016,12-09-2016,83
5396,Ezra (2017),2017,02-10-2017,88
5397,Poomaram (2017),2017,15-03-2018,67
5398,Achayans (2017),2017,19-05-2017,68
5399,Gemini (2017),2017,21-04-2017,55
5400,Pipin Chuvattile Pranayam (2017),2017,24-11-2017,88
5401,Ayaal Sasi (2017),2017,07-07-2017,64
5403,Paulettante Veedu (2016),2016,12-09-2016,32
5404,Campus Diary (2016),2016,12-02-2016,53
5405,Vedam (2017),2017,05-12-2017,66
5406,Aby (2017),2017,23-02-2017,85
5407,C/o Saira Banu  (2017),2017,17-03-2017,89
5408,Gold Coins (2017),2017,06-09-2017,77
5410,Vimaanam (2017),2017,22-12-2017,89
5411,Role Models (2017),2017,25-06-2017,84
5412,Puthan Panam (2017),2017,04-12-2017,76
5414,Yours Lovingly (2018),2018,29-06-2018,96
5419,Alamaara (2017),2017,17-03-2017,80
5420,Jaana (2016),2016,,92
5421,Kaadu Pookkunna Neram (2017),2017,01-06-2017,77
5422,Thank You Very Much (2017),2017,25-08-2017,34
5423,Kaviyude Osyathu (2017),2017,01-06-2017,44
5424,God Say (2017),2017,01-07-2017,25
5425,Captain (2018),2018,16-02-2018,92
5426,Careful (2017),2017,26-05-2017,44
5427,Basheerinte Premalekhanam (2017),2017,21-07-2017,82
5428,Take Off (2017),2017,24-03-2017,94
5429,Kabali (2016),2016,,76
5430,Kavachitham (2016),2016,12-06-2019,68
5432,Maari (2016),2016,,63
5433,Maas (2016),2016,,64
5434,PK (2016),2016,,81
5435,Venalodungaathe (2012),2012,,60
5437,CIA - Comrade In America (2017),2017,05-05-2017,89
5438,Romanov (2016),2016,12-09-2016,49
5439,Angamaly Diaries (2017),2017,03-03-2017,92
5440,Aaradi (2017),2017,,68
5441,Valappottukal (2017),2017,02-03-2017,75
5442,Oru Visheshappetta Biriyanikissa (2017),2017,25-08-2017,67
5443,Clint (2017),2017,08-11-2017,88
5444,Honey Bee 2 (2017),2017,23-03-2017,61
5445,S Durga (Sexy Durga) (2018),2018,23-03-2018,60
5446,Rakshaadhikaari Baiju (Oppu) (2017),2017,21-04-2017,92
5447,Lavakusha (2017),2017,11-03-2017,90
5448,Gandhinagaril Unniyaarcha (2017),2017,11-10-2017,40
5449,Raamante Edanthottam (2017),2017,05-12-2017,85
5450,Lakshyam (2017),2017,05-06-2017,84
5451,Ayaal Jeevichirippundu (2017),2017,03-10-2017,76
5452,Kadamkadha (2017),2017,28-07-2017,72
5454,Paviyettante Madhurachooral (2018),2018,12-06-2018,81
5455,Utharam Parayaathe (2017),2017,28-07-2017,67
5456,Swayam (2017),2017,,46
5457,Majnu (2017),2017,24-02-2017,70
5458,Laddu (2018),2018,16-11-2018,49
5459,Adam Joan (2017),2017,09-01-2017,89
5460,Dry (2017),2017,17-03-2017,56
5464,Minnaminungu - The Firefly (2017),2017,21-07-2017,89
5465,Villain (2017),2017,27-10-2017,82
5466,Karutha Joothan (2017),2017,18-08-2017,93
5467,Samarppanam (2017),2017,,65
5468,Chunkzz (2017),2017,08-04-2017,72
5469,Himaalayathile Kashmalan (2017),2017,29-07-2017,61
5470,Parava (2017),2017,21-09-2017,94
5471,Sunday Holiday (2017),2017,14-07-2017,94
5472,Pareeth Pandari (2017),2017,17-03-2017,84
5477,Aedan (2017),2017,,64
5478,Unmaadiyude Maranam (2019),2019,,72
5479,Aami (2017),2017,02-09-2018,66
5480,Odiyan (2018),2018,14-12-2018,76
5481,Aakaasha Mittaayi (2017),2017,27-10-2017,94
5482,Varnyathil Aashanka (2017),2017,08-04-2017,90
5483,Lucifer (2019),2019,28-03-2019,90
5485,Diwanjimoola Grand Pri[x] (2017),2017,01-05-2018,48
5487,Mr. Perfect (2016),2016,,70
5489,Njandukalude Naattil Oridavela (2017),2017,09-01-2017,87
5490,Moothon (2019),2019,11-08-2019,89
5491,Baahubali 2 - The Conclusion (2017),2017,28-04-2017,83
5492,Raamaleela (2017),2017,28-09-2017,89
5493,Theeram (2017),2017,21-07-2017,86
5495,Sherlock Toms (2017),2017,29-09-2017,86
5497,Oru Cinemakkaran (2017),2017,24-06-2017,83
5498,Ente Kallupencil (2017),2017,16-06-2017,70
5499,Velipaadinte Pusthakam (2017),2017,09-01-2017,76
5500,Udaaharanam Sujaatha (2017),2017,28-09-2017,92
5501,Street Lights (2017),2017,26-01-2018,66
5503,Vishwaasapoorvam Mansoor (2017),2017,24-06-2017,77
5504,Kaithola Chaathan (2018),2018,25-05-2018,20
5505,Rosappoo (2018),2018,02-09-2018,49
5507,Punyaalan Private Limited (2017),2017,17-11-2017,90
5508,Mohanlal (2018),2018,14-04-2018,73
5511,Kuttanpillayude Sivaraathri (2018),2018,05-11-2018,89
5514,Mydhili Veendum Varunnu (2017),2017,21-07-2017,42
5515,Melle (2017),2017,20-10-2017,78
5516,Hadiyya (2017),2017,14-07-2017,65
5517,Sadrusha Vaakyam 24:29 (2017),2017,12-01-2017,60
5518,Trance (2020),2020,20-02-2020,88
5519,Overtake (2017),2017,11-03-2017,68
5520,Pretham Undu Sookshikkuka (2017),2017,30-06-2017,86
5521,Indhulekha (2017),2017,14-07-2017,60
5523,Cappuccino (2017),2017,15-09-2017,61
5524,Mannaamkattayum Kariyilayum (2017),2017,18-08-2017,80
5526,Sarvopari Palakkaran (2017),2017,08-04-2017,75
5527,Paathi (2017),2017,17-11-2017,82
5528,Naval Enna Jewal (2017),2017,18-08-2017,66
5529,Bobby (2017),2017,18-08-2017,84
5530,Solo (2017),2017,10-05-2017,88
5531,Honey Bee 2.5 (2017),2017,18-08-2017,77
5532,Pullikkaaran Staraa (2017),2017,09-01-2017,72
5533,E (2017),2017,18-08-2017,74
5534,Match Box (2017),2017,15-09-2017,85
5535,Masterpiece (2017),2017,21-12-2017,83
5536,Kaattu (2017),2017,13-10-2017,86
5537,Y (2017),2017,17-11-2017,80
5538,Mom (2017),2017,07-07-2017,88
5539,Queen (2018),2018,01-12-2018,94
5540,Tharangam (2017),2017,29-09-2017,80
5541,Aadi (2018),2018,26-01-2018,67
5542,Pokkiri Simon (2017),2017,22-09-2017,86
5544,Abhiyude Kadha Anuvinteyum (2018),2018,25-05-2018,80
5545,Arani (2017),2017,,20
5548,Pakal Pole (2017),2017,28-07-2017,72
5549,Aana Alaralodalaral (2017),2017,22-12-2017,65
5550,Carbon (2018),2018,19-01-2018,88
5551,Sakhaavinte Priyasakhi (2017),2017,01-05-2018,30
5552,Karie (2015),2015,12-11-2015,80
5553,Kalpana House 2 (2017),2017,,60
5556,Chippi (2017),2017,11-10-2017,57
5557,Chakkaramaavin Kompathu (2017),2017,17-11-2017,67
5558,Hello Dubaikkaran (2017),2017,11-10-2017,87
5559,Maayaanadi (2017),2017,22-12-2017,92
5560,Goodaalochana (2017),2017,11-03-2017,78
5562,Viswavikhyaatharaaya Payyanmaar (2017),2017,11-03-2017,33
5563,Naam (2018),2018,05-11-2018,89
5564,Pashu (2017),2017,17-11-2017,73
5566,Kunjiramante Kuppaayam (2017),2017,19-07-2019,50
5567,Shirk (2018),2018,16-03-2018,50
5568,My School (2017),2017,17-11-2017,10
5569,Chemparathippoo (2017),2017,24-11-2017,82
5570,Vishwaguru (2017),2017,29-12-2017,64
5571,Nilaavariyaathe (2017),2017,12-08-2017,60
5572,Chaanakyathanthram (2018),2018,05-03-2018,83
5573,Oru Kuprasidha Payyan (2018),2018,11-09-2018,89
5574,Eeda (2017),2017,01-05-2018,72
5575,Aadu 2 (2017),2017,22-12-2017,93
5576,Kuntham (2017),2017,12-01-2017,61
5577,Moonnaam Niyamam (2017),2017,23-02-2018,40
5578,Onpathaam Valavinappuram (2017),2017,27-10-2017,60
5579,Lechmi (2017),2017,25-08-2017,84
5581,Hey Jude (2017),2017,02-02-2018,68
5583,Remo (2017),2017,,58
5584,Dravida Puthri (2017),2017,08-04-2017,20
5585,Red Run (2017),2017,13-10-2017,80
5587,Karutha Sooryan (2017),2017,12-08-2017,20
5589,Kali (2017),2017,02-09-2018,69
5590,Bonsai (2018),2018,23-02-2018,60
5591,Kalyaanam (2018),2018,23-02-2018,74
5592,Shikkaari Shambhu (2018),2018,20-01-2018,89
5593,Daivame Kaithozhaam K Kumaraakanam (2018),2018,01-12-2018,33
5594,Lolans (2018),2018,23-03-2018,61
5595,Kadha Paranja Kadha (2018),2018,02-09-2018,80
5597,Raaja kireedam (2017),2017,11-10-2017,89
5599,6 Viralukal (2017),2017,24-11-2017,13
5600,Kunju Daivam (2018),2018,16-02-2018,96
5602,The Crab (2017),2017,26-05-2017,61
5605,Dance Dance (2017),2017,16-06-2017,28
5608,Kala Viplavam Pranayam (2018),2018,24-02-2018,80
5609,Bhagmathi (2018),2018,26-01-2018,91
5611,Mumbai Dada (2011),2011,,37
5612,Charminar (2018),2018,03-09-2018,90
5614,Kuttanadan Marpappa (2018),2018,29-03-2018,83
5615,Mukhyan (2017),2017,03-02-2018,47
5616,Ira (2018),2018,16-03-2018,69
5617,Vallikkettu (2019),2019,25-01-2019,56
5618,Iru Mughan (2017),2017,,63
5619,Kaamapisasu (2017),2017,,70
5620,Love Bonda (2017),2017,,44
5621,Kinar (2018),2018,23-02-2018,74
5622,Minsaarakkanavu (2017),2017,,70
5623,Njaanum Ente Sreeyum (2017),2017,,67
5625,Fida (2017),2017,21-07-2017,89
5627,Sreehalli (2018),2018,06-08-2018,30
5628,Sukhamano Daveede (2018),2018,03-02-2018,83
5630,Ankaraajyathe Jimmanmaar (2018),2018,16-02-2018,42
5631,Oru Adaaru Love (2019),2019,14-02-2019,75
5632,Angane Njaanum Premichu (2018),2018,25-05-2018,30
5633,Khaleefa (2018),2018,03-02-2018,80
5634,Cuban Colony (2018),2018,07-06-2018,71
5636,Kallayi FM (2018),2018,16-02-2018,72
5637,Onnumariyaathe (2018),2018,29-06-2018,20
5639,Sudani From Nigeria (2018),2018,23-03-2018,96
5640,The Sound Story (2018),2018,04-05-2019,90
5641,Chilanthi (2010),2010,,58
5642,Ranam (2018),2018,09-06-2018,86
5643,Sugandhavally (2002),2002,,58
5645,Ente Mezhuthiri Athaazhangal (2018),2018,27-07-2018,89
5646,Paathira Kaalam (2018),2018,23-02-2018,78
5647,Premasoothram (2018),2018,05-11-2018,87
5648,Thenichayum Peerangippadayum (2018),2018,03-02-2018,44
5649,Udalaazham (2018),2018,12-06-2019,62
5650,Neeraali (2018),2018,13-07-2018,64
5652,Panchavarnna Thatha (2018),2018,14-04-2018,86
5654,Mattancheri (2018),2018,03-09-2018,40
5655,21 Diamonds (2018),2018,03-09-2018,40
5656,Ottamuri Velicham (2018),2018,,60
5657,Vikadakumaran (2018),2018,29-03-2018,87
5658,Parole (2018),2018,04-06-2018,76
5659,Uncle (2018),2018,27-04-2018,78
5660,BTech (2018),2018,05-05-2018,92
5661,Kidu (2018),2018,29-06-2018,76
5662,Swaathanthryam Ardharaathriyil (2018),2018,31-03-2018,95
5663,Aalorukkam (2018),2018,04-06-2018,95
5664,Aravindante Athidhikal (2018),2018,27-04-2018,95
5665,Theevandi (2018),2018,09-07-2018,91
5666,Oraayiram Kinaakkalaal (2018),2018,04-06-2018,90
5668,Spyder (2018),2018,27-09-2017,66
5669,Eliyammachiyude Aadyathe Christmas (2018),2018,,20
5670,Old Is Gold (2019),2019,15-03-2019,74
5671,Aabhaasam (2018),2018,05-04-2018,66
5674,Velakkaariyaayirunnaalum Neeyen Mohavalli (2018),2018,15-06-2018,78
5675,Abrahaminte Santhathikal (2018),2018,15-06-2018,89
5676,Thirupaachi (2018),2018,,58
5678,Swapnaraajyam (2019),2019,05-10-2019,64
5680,Duvvada Jagannadham (2017),2017,23-06-2017,85
5684,Nimisham (2018),2018,16-02-2018,36
5686,Magalir Mattum (2018),2018,,63
5687,Krishnam (2018),2018,18-05-2018,75
5688,Cross Road (2017),2017,13-10-2017,53
5692,Marubhoomiyile Mazhathullikal (2018),2018,05-11-2018,40
5693,Mazhayath (2018),2018,25-05-2018,81
5694,Arakkirukkan (2018),2018,20-04-2018,64
5695,Suvarnapurushan (2018),2018,20-04-2018,68
5696,Dharma Durai (2018),2018,,75
5698,Thobama (2018),2018,27-04-2018,80
5700,Maradona (2018),2018,27-07-2018,88
5701,Kaamuki (2018),2018,05-11-2018,82
5704,Aashamsakalode Anna (2015),2015,19-06-2015,34
5705,Ee. Ma. Yau (2018),2018,05-04-2018,92
5706,Ente Peru Surya Ente Veedu India (2018),2018,05-04-2018,92
5708,Njaan Marykkutty (2018),2018,15-06-2018,91
5709,Contessa (2018),2018,23-11-2018,62
5710,Police Junior (2018),2018,22-06-2018,86
5711,Sachin (2019),2019,19-07-2019,65
5712,Autorsha (2018),2018,23-11-2018,77
5713,Velutha Rathrikal (2015),2015,,79
5714,Lilli (2018),2018,27-09-2018,80
5715,Moonnara (2018),2018,20-04-2018,50
5718,"Love, Action, Drama (2019)",2019,09-05-2019,80
5719,Njaan Gagan (2018),2018,20-04-2018,68
5720,Shavam (2015),2015,28-11-2015,73
5721,Orange Valley (2018),2018,06-01-2018,22
5722,Theetta Rappayi (2018),2018,07-06-2018,62
5723,Ningal Camera Nireekshanathilaanu (2018),2018,02-01-2019,30
5724,Savaari (2018),2018,20-07-2018,88
5726,Orma (2019),2019,03-08-2019,66
5727,Chandra (2018),2018,,52
5729,Kaattu Vithachavar (2018),2018,11-02-2018,62
5731,Thani Oruvan (2018),2018,,80
5732,Vikram Veda (2018),2018,,85
5734,Shadow (2018),2018,03-02-2018,81
5735,Nonsense (2018),2018,10-12-2018,94
5736,Chandragiri (2018),2018,08-03-2018,72
5737,Praana (2019),2019,18-01-2019,84
5741,Mandaaram (2018),2018,10-05-2018,73
5742,Who (2018),2018,26-10-2018,54
5743,Viplavam Jayikkanullathaanu (2019),2019,08-02-2019,74
5744,Kayamkulam Kochunni (2018),2018,10-11-2018,92
5745,French Viplavam (2018),2018,26-10-2018,74
5746,Premaanjaly (2018),2018,06-01-2018,56
5747,Iblis (2018),2018,08-03-2018,82
5748,Petti Lambatra (2018),2018,29-06-2018,69
5749,Swargakkunnile Kuriakose (2018),2018,29-06-2018,30
5751,Unarvu (2015),2015,,30
5752,Urukku Satheesan (2018),2018,06-01-2018,20
5753,Dustbin (2018),2018,06-01-2018,73
5754,Thenkasikkaattu (2019),2019,03-01-2019,50
5755,Ilayaraja (2019),2019,22-03-2019,79
5756,Thaakkol (2019),2019,12-06-2019,81
5757,Padayottam (2018),2018,14-09-2018,86
5758,The Great Indian Road Movie (2019),2019,05-10-2019,48
5760,Nine (2019),2019,02-07-2019,89
5761,Oru Kuttanadan Blog (2018),2018,14-09-2018,67
5762,Neeli (2018),2018,08-11-2018,73
5764,Maangalyam Thanthu Naanena (2018),2018,20-09-2018,50
5767,Johny Johny Yes Appa (2018),2018,26-10-2018,49
5768,Nalla Vishesham (2019),2019,25-01-2019,90
5769,Chalakudikkaaran Changaathi (2018),2018,27-09-2018,96
5770,Oru Pazhaya Bomb Kadha (2018),2018,20-07-2018,91
5771,Kumbalangi Nights (2019),2019,02-07-2019,95
5772,Ennaalum Sharath (2018),2018,27-07-2018,56
5774,Koode (2018),2018,14-07-2018,90
5775,Ambili (2019),2019,08-09-2019,93
5776,Aashiq Vanna Divasam (2018),2018,15-06-2018,60
5777,Muthalaq (2018),2018,15-06-2018,20
5778,Panthu (2019),2019,25-01-2019,50
5781,Thanaha (2018),2018,11-02-2018,73
5783,Aanakkallan (2018),2018,18-10-2018,87
5785,Nithya Haritha Naayakan (2018),2018,16-11-2018,78
5786,Karinkannan (2018),2018,12-06-2018,80
5787,Oronnonnara Pranayakadha (2019),2019,24-05-2019,86
5788,369 (2018),2018,23-11-2018,82
5789,Thankabhasma Kuriyitta Thamburaatti (2019),2019,26-07-2019,81
5790,Janaadhipan (2018),2018,01-10-2019,61
5791,Varathan (2018),2018,20-09-2018,93
5792,Bhayaanakam (2018),2018,20-07-2018,92
5793,Vallikkudilile Vellakkaaran (2018),2018,11-09-2018,89
5794,Joseph Man with the scar (2018),2018,16-11-2018,81
5796,Kinaavalli (2018),2018,27-07-2018,88
5797,Mere Pyare Deshvaasiyom (2019),2019,15-03-2019,52
5798,Vaarthakal Ithuvare (2019),2019,22-11-2019,97
5799,Drama (2018),2018,11-01-2018,74
5801,Kenalum Kinarum (2018),2018,29-06-2018,10
5803,Vaarikkuzhiyile Kolapaathakam (2018),2018,22-02-2019,64
5806,Pokkiri (2007),2007,,93
5807,Paradesi (2013),2013,,87
5810,Chilappol Penkutti (2018),2018,19-07-2019,56
5811,Ner Varennu Mmini Cherinju Ttaa (2018),2018,30-11-2018,30
5812,Sthree (2019),2019,19-07-2019,76
5813,Ottayaal Paatha (2016),2016,,70
5814,Maravi (2017),2017,,60
5815,Wonder Boys (2018),2018,10-05-2018,74
5817,Prashna Parihaara Shaala (2018),2018,03-01-2019,74
5818,Oru Yamandan Premakadha (2019),2019,25-04-2019,85
5819,Isaakhinte Ithihaasam (2019),2019,30-08-2019,68
5820,Kuttymaama (2019),2019,17-05-2019,77
5821,Oru Desa Visesham (2019),2019,26-07-2019,31
5822,Irupathiyonnaam Noottaandu (2019),2019,25-01-2019,68
5824,Kalippu (2019),2019,05-10-2019,74
5825,Theekkuchiyum Panithulliyum (2018),2018,27-07-2018,42
5826,Veyil Marangal (2018),2018,28-02-2020,80
5827,Kalikkoottukaar (2019),2019,03-08-2019,58
5828,Mikhael (2019),2019,18-01-2019,83
5829,Njaan Prakashan (2018),2018,21-12-2018,95
5830,Kanthan The Lover Of Colour (2018),2018,18-07-2018,82
5833,Madhuramee Yaathra (2018),2018,12-07-2018,64
5834,Soothrakkaaran (2019),2019,03-08-2019,69
5835,Aickkarakonathe Bhishaguaranmaar (2018),2018,10-05-2018,70
5836,Laughing Apartment Near Girinagar (2018),2018,24-08-2018,50
5839,Kandethal (2016),2016,24-06-2016,31
5840,Ghost Villa (2016),2016,06-03-2016,67
5844,Aniyankunjum Thannaalaayathu (2019),2019,30-08-2019,50
5846,Vidooshakan (2015),2015,16-10-2015,40
5848,Madhuraraja (2019),2019,04-12-2019,83
5853,Dakini (2018),2018,18-10-2018,78
5854,Oru Kaattil Oru Paaykappal (2019),2019,25-01-2019,50
5857,Kaala (2018),2018,,85
5858,Jaya Janaki Nayaka  (2017),2017,,88
5859,Dhruvangal Pathinaaru (2017),2017,,83
5861,Vishudha Pusthakam (2019),2019,31-05-2019,40
5862,Mask (2019),2019,06-05-2019,37
5863,Vijay Superum Pournamiyum (2019),2019,01-11-2019,95
5866,Samaksham (2018),2018,23-11-2018,60
5869,Pengalila (2019),2019,03-08-2019,81
5870,Randuper (2017),2017,,60
5871,The Gambinos (2019),2019,03-08-2019,52
5872,Madhaveeyam (2019),2019,01-11-2019,64
5874,Mottitta Mullakal (2018),2018,16-11-2018,35
5875,Shabdam (2018),2018,10-12-2018,80
5876,Lonappante Mammodisa (2019),2019,02-01-2019,88
5879,Priyapettavar (2019),2019,22-03-2019,60
5880,Oru Pathaam Classile Pranayam (2018),2018,12-06-2019,79
5882,Ilakal Pacha Pookkal Manja (2018),2018,15-02-2019,20
5884,Umma (2011),2011,,70
5887,Veerappan  (2013),2013,,91
5890,Thattumpurath Achuthan (2018),2018,22-12-2018,76
5891,Kumbaarees (2019),2019,23-08-2019,75
5892,Avarkkoppam (2018),2018,30-11-2018,65
5894,Sakalakalaashaala (2018),2018,25-01-2019,68
5896,Bogan (2016),2016,,64
5897,Kaashmora (2016),2016,,84
5898,Mersal (2017),2017,,90
5899,Thirunaal (2014),2014,,40
5900,Vanamagan (2017),2017,,87
5901,Yennai Arinthaal (2015),2015,,93
5902,Youvanam Okay Fantasy (2015),2015,,70
5907,Allu Ramendran (2019),2019,02-01-2019,80
5909,Ka Bodyscapes (2018),2018,10-05-2018,52
5910,Koodaasha (2018),2018,26-10-2018,94
5911,Silencer (2020),2020,24-01-2020,69
5912,And The Oscar Goes To (2019),2019,21-06-2019,92
5913,Ente Ummaante Peru (2018),2018,21-12-2018,94
5914,Papas (2018),2018,23-11-2018,50
5915,OP 160/18 Kakshi Ammini Pilla (2019),2019,28-06-2019,91
5916,A 4 Apple (2019),2019,19-07-2019,20
5918,Pretham 2 (2018),2018,21-12-2018,83
5919,Thottappan (2019),2019,06-05-2019,92
5922,Ippozhum Eppozhum Sthuthiyaayi Irikkatte (2018),2018,23-11-2018,72
5923,Cochin Shaadi at Chennai 03 (2020),2020,24-01-2020,29
5925,Ottaykkoru Kaamukan(Anuragam The Art Of Theppu) (2018),2018,23-11-2018,64
5926,Brother\'s Day (2019),2019,09-06-2019,45
5927,Jallikettu (2019),2019,10-04-2019,85
5929,Athisayangalude Venal (2017),2017,,71
5930,Oru Caribbean Udaayippu (2019),2019,01-11-2019,62
5931,Pathinettam Padi (2019),2019,07-05-2019,83
5932,Children\'s Park (2019),2019,06-05-2019,56
5933,Ennodu Para I Love U nnu (2019),2019,18-10-2019,40
5936,Ittymaani Made In China (2019),2019,09-06-2019,74
5942,Ultta (2019),2019,12-06-2019,69
5943,Oru Nakshatramulla Aakasham (2019),2019,17-05-2019,30
5944,An International Local Story (2019),2019,03-01-2019,79
5945,Argentina Fans Kaattoorkadavu (2019),2019,22-03-2019,81
5946,Unda (2019),2019,14-06-2019,91
5948,Mr & Ms Rowdy (2019),2019,22-02-2019,46
5949,Kodathi Samaksham Balan Vakkeel (2019),2019,21-02-2019,88
5950,Mohabbatein Kunjabdulla (2019),2019,23-08-2019,91
5960,Gaana Gandharvan (2019),2019,27-09-2019,87
5962,Under World (2019),2019,11-01-2019,87
5963,Aadyaraathri (2019),2019,10-04-2019,81
5966,Fancy Dress (2019),2019,08-02-2019,73
5969,Urriyadi (2020),2020,17-01-2020,82
5970,Chola (2019),2019,12-06-2019,54
5972,Love FM (2020),2020,28-02-2020,80
5973,Mera Naam Shaji (2019),2019,04-05-2019,82
5977,Jeemboombha (2019),2019,24-05-2019,35
5979,Kalkki  (2019),2019,08-08-2019,90
5980,Keshu (2009),2009,,83
5981,Shibu (2019),2019,19-07-2019,60
5982,Driving Licence (2019),2019,20-12-2019,92
5983,Ormayil Oru Shishiram (2019),2019,08-02-2019,91
5984,Mariyam Vannu Vilakkoothi (2020),2020,31-01-2020,70
5986,Uyare (2019),2019,26-04-2019,94
5990,Thaakkol Pazhuthu (2020),2020,24-01-2020,64
5992,Neeyum Njaanum (2019),2019,18-01-2019,86
5994,Ottam (2019),2019,03-08-2019,72
5995,Ikkayude Shakadam (2019),2019,14-06-2019,39
5996,Swarnamalsyangal (2019),2019,22-02-2019,50
5998,Makkana (2017),2017,11-01-2019,80
5999,My Great Grand Father (2019),2019,06-07-2019,81
6001,Kalamandalam Hyderali (2020),2020,01-10-2020,90
6004,Big Salute (2019),2019,30-08-2019,20
6005,Ankuram (2014),2014,,79
6008,Chila New Gen Naattuviseshangal (2019),2019,26-07-2019,62
6010,2 States (2020),2020,03-06-2020,67
6012,British Banglavu (2019),2019,15-03-2019,56
6013,Thelivu (2019),2019,18-10-2019,72
6014,Sathyam Paranjaa Vishwasikkuvo (2019),2019,07-12-2019,84
6017,Malli (1998) (2018),2018,,79
6018,June (2019),2019,15-02-2019,74
6020,Prakashante Metro (2019),2019,05-03-2019,61
6023,Graamavaasees (2019),2019,28-06-2019,53
6024,Munthiri Monchan - Oru Thavala Paranja Kadha (2019),2019,12-06-2019,62
6026,Padmavyoohathile Abhimanyu (2019),2019,03-08-2019,79
6027,Kozhipporu (2019),2019,03-06-2020,53
6029,Ishq (2019),2019,17-05-2019,86
6030,Poozhikadakan (2019),2019,29-11-2019,59
6031,KGF (2018),2018,21-12-2018,95
6032,Marconi Mathai (2019),2019,07-12-2019,72
6034,Kalippaattakkaaran (2015),2015,,69
6036,Big Brother (2020),2020,16-01-2020,79
6037,Ravanasuran (2017),2017,,89
6041,Muthassikkoru Muthu (2019),2019,18-10-2019,70
6045,Adutha Chodhyam (2019),2019,24-05-2019,90
6048,Telescope (2017),2017,,60
6053,Android Kunjappan Version 5.25 (2019),2019,11-08-2019,97
6056,Mahaanati (2018),2018,,95
6057,Oru Pennu Kannal Kadha (2018),2018,,78
6058,Viswaroopam 2 (2018),2018,,83
6061,Virus (2019),2019,06-07-2019,93
6062,Mullappoo Viplavam (2019),2019,15-03-2019,84
6063,Bolivia (2019),2019,01-11-2019,30
6065,Oru Mass Kadha Veendum (2018),2018,12-05-2019,66
6068,Raktha Sakshyam (2019),2019,23-08-2019,62
6069,Balcony (2020),2020,14-02-2020,70
6070,Daivam Saakshi (2019),2019,03-01-2019,33
6072,Ali (2019),2019,22-03-2019,27
6073,March Randaam Vyaazham (2019),2019,27-09-2019,15
6075,Mammali Enna Indiakkaaran (2019),2019,08-02-2019,68
6076,Oru Budhanazhcha (2009),2009,,95
6077,Luca (2019),2019,28-06-2019,89
6078,Kosraakkollikal (2019),2019,15-03-2019,20
6080,The Gambler (2019),2019,24-05-2019,81
6082,Theerumaanam (2019),2019,02-01-2019,47
6084,Akkarakkaazhchakal  (2011),2011,,77
6090,Pranayameenukalude Kadal (2019),2019,10-04-2019,72
6091,Maamaangam (2019),2019,12-12-2019,78
6094,Yaathra (2019),2019,02-08-2019,82
6095,Thureeyam (2019),2019,10-11-2019,30
6099,Billa 2 (2012),2012,,84
6100,Vinaya Vidheya Rama (2019),2019,02-08-2019,79
6103,Thanka Meenukal (2019),2019,,79
6107,Naan Petta Makan (2019),2019,21-06-2019,57
6108,Happy Sardaar (2019),2019,28-11-2019,72
6117,Porinchumariyamjose (2019),2019,23-08-2019,68
6118,Athiran (2019),2019,04-12-2019,68
6119,Queen of Neermathalam Pootha Kaalam - Oru Bhayangara Kamuki (2019),2019,28-06-2019,30
6121,Aalkoottathil Oruvan (2020),2020,01-10-2020,80
6122,Oru Nalla Kottayamkaran (2019),2019,12-06-2019,37
6124,Hridhyam (2019),2019,31-05-2019,40
6125,Moonnam Pralayam (2019),2019,08-02-2019,29
6135,Shubharathri (2019),2019,07-06-2019,76
6136,Manoharam (2019),2019,27-09-2019,93
6137,Pattabhiraman (2019),2019,24-08-2019,91
6138,Finals (2019),2019,09-06-2019,70
6139,Udgharsha (2019),2019,22-03-2019,90
6144,Anchaam Paathira (2020),2020,01-10-2020,96
6145,Naalpathiyonnu (2019),2019,11-08-2019,82
6147,Rameshan Oru Peralla (2019),2019,16-08-2019,80
6151,Valiyaperunnaal (2019),2019,20-12-2019,82
6152,Thamasha (2019),2019,06-05-2019,96
6153,Forensic (2020),2020,28-02-2020,90
6154,Ayyappanum Koshiyum (2020),2020,02-07-2020,95
6155,Jack Daniel (2019),2019,15-11-2019,85
6156,Gouthamante Radham (2020),2020,31-01-2020,92
6158,Margamkali (2019),2019,08-02-2019,83
6159,Poovalliyum Kunjaadum (2019),2019,30-08-2019,74
6160,"Kaattu, Kadal, Athirukal (2020)",2020,31-01-2020,40
6161,Maarjaara - Oru Kallu Vacha Nuna (2020),2020,01-03-2020,92
6162,Edakkad Battalion 06 (2019),2019,18-10-2019,82
6163,Paapam Cheyyaathavar Kalleriyatte (2020),2020,21-02-2020,57
6164,Aakashaganga 2 (2019),2019,11-01-2019,51
6165,Vakathirivu (2019),2019,21-06-2019,62
6167,Oru Vadakkan Pennu (2020),2020,31-01-2020,20
6168,Pra Bra Bhra (2019),2019,20-09-2019,35
6170,Sidharthan Enna Njaan (2019),2019,17-05-2019,76
6171,Shakthan Market (2019),2019,08-02-2019,72
6172,Aadupuli (2017),2017,,46
6173,Devi (2017),2017,,71
6174,Dhruvaraja Jagannadh (DJ)  (2017),2017,,85
6175,Eetti (2017),2017,,63
6176,Kaaval (2017),2017,,34
6179,Oru Oorile Randu Raja (2017),2017,,51
6181,Thrissur Pooram (2019),2019,20-12-2019,80
6182,Maafi Dona (2019),2019,26-07-2019,40
6183,Pranaya Sharangal (2017),2017,,40
6185,Vel (2016),2016,,61
6187,Mangalath Vasundara (2019),2019,31-05-2019,21
6188,Dear Comrade (2019),2019,26-07-2019,93
6189,Rakshaapurushan (2019),2019,24-05-2019,40
6190,Onnam Sakshi (2019),2019,24-05-2019,56
6191,Sameer (2020),2020,01-03-2020,56
6196,Ooha (2019),2019,27-09-2019,76
6197,Kettiyollaanu Ente Maalakha (2019),2019,22-11-2019,95
6200,Evide (2019),2019,07-04-2019,69
6203,Safe (2019),2019,18-10-2019,70
6204,Kaalan Venu (2020),2020,28-02-2020,72
6209,Rangasthalam (2019),2019,21-06-2019,84
6211,Janamaithri (2019),2019,19-07-2019,91
6212,Roudram (2019),2019,,40
6213,Jimmy Ee Veedinte Aishwaryam (2019),2019,12-06-2019,53
6214,Thanneermathan Dinangal (2019),2019,26-07-2019,96
6216,Upama (2019),2019,11-08-2019,82
6217,Aayudha Pooja (1995) (2016),2016,,62
6219,Vattamesha Sammelanam (2019),2019,25-10-2019,60
6222,Vikrithi (2019),2019,10-04-2019,94
6223,Saaho (2019),2019,30-08-2019,85
6224,Kamala (2019),2019,29-11-2019,83
6226,Dhamakka (2020),2020,01-02-2020,56
6227,Shylock (2020),2020,23-01-2020,86
6232,Anveshanam (2020),2020,31-01-2020,77
6233,Dhool (2003),2003,,91
6234,Khushi (2000),2000,,94
6235,Helen (2019),2019,15-11-2019,95
6239,Kurukshetra (2019),2019,18-10-2019,87
6240,Sye Raa (2019),2019,10-02-2019,91
6241,Yaanaa (2019),2019,23-08-2019,86
6243,Sullu (2019),2019,22-11-2019,83
6244,Freakens (2019),2019,13-12-2019,56
6246,Seizer (2019),2019,30-08-2019,67
6247,Velathaan (2020),2020,01-03-2020,60
6251,Prathi Poovan Kozhi  (2019),2019,20-12-2019,83
6252,My Santa (2019),2019,25-12-2019,91
6254,Varkki (2020),2020,03-06-2020,30
6255,Pachamanga (2020),2020,02-07-2020,62
6257,Odunnon (2019),2019,22-11-2019,34
6258,Mounaksharangal (2019),2019,18-10-2019,23
6262,Oru Kadath Naadan Kadha (2019),2019,25-10-2019,25
6263,Stand Up (2019),2019,13-12-2019,59
6265,Maniyarayile Ashokan (2020),2020,31-08-2020,71
6266,Almallu (2020),2020,17-01-2020,52
6269,Lessons (2019),2019,25-10-2019,72
6270,Thallumpidi (2020),2020,01-03-2020,93
6274,Bhayam (2019),2019,11-01-2019,47
6276,Marappaava (2019),2019,25-10-2019,70
6279,Uriyaattu (2020),2020,14-02-2020,69
6281,Kottayam (2020),2020,24-01-2020,50
6283,Magic Love (2019),2019,22-11-2019,47
6295,Oru Njaayaraazhcha (2019),2019,13-12-2019,65
6297,Bhoomiyile Manohara Swakaryam (2020),2020,28-02-2020,77
6298,Avan Srimannarayana (2020),2020,01-03-2020,79
6302,Aramm (2017),2017,,92
6305,Airaa (2019),2019,,77
6308,Angu Vaikuntapurathu (2020),2020,01-10-2020,92
6309,Kuttiyappanum Daivadhootharum (2020),2020,01-03-2020,50
6310,The Kung Fu Master (2020),2020,24-01-2020,87
6323,Varane Avashyamundu (2020),2020,02-07-2020,92
6333,Orchid Pookkal Paranja Kadha (2019),2019,,84
6335,Irumughan (2016),2016,,92
6336,Kaappaan (2019),2019,,91
6338,Isha (2020),2020,28-02-2020,94
6340,24 Days (2020),2020,17-01-2020,64
6345,World Famous Lover (2020),2020,14-02-2020,78
6348,Kappela (2020),2020,03-06-2020,96
6355,Joshua (2020),2020,28-02-2020,90
6364,Daivathinte Kayyoppu (2016),2016,,75
6378,Sufiyum Sujathayum (2020),2020,07-03-2020,86
6381,C U Soon (2020),2020,09-01-2020,97
6382,Idam (2020),2020,,55
