id,name,c_id
4,Gireesh Puthenchery,3631
4,Gireesh Puthenchery,3791
34,Sreekumaran Thampi,5009
42,Mankombu Gopalakrishnan,3622
42,Mankombu Gopalakrishnan,3966
42,Mankombu Gopalakrishnan,4041
42,Mankombu Gopalakrishnan,4151
42,Mankombu Gopalakrishnan,4156
42,Mankombu Gopalakrishnan,4239
42,Mankombu Gopalakrishnan,4247
42,Mankombu Gopalakrishnan,4465
42,Mankombu Gopalakrishnan,4620
42,Mankombu Gopalakrishnan,5196
42,Mankombu Gopalakrishnan,5338
42,Mankombu Gopalakrishnan,5491
94,Nedumudi Venu,3905
94,Nedumudi Venu,5077
97,Vineeth Sreenivasan,4199
97,Vineeth Sreenivasan,4532
97,Vineeth Sreenivasan,5089
97,Vineeth Sreenivasan,5255
98,Venu Nagavally,4053
126,Ajith Nair,4170
142,Ali Akbar,3490
142,Ali Akbar,4175
142,Ali Akbar,4424
256,Balachandra Menon,3481
256,Balachandra Menon,3551
256,Balachandra Menon,3958
256,Balachandra Menon,5141
256,Balachandra Menon,5772
266,Balram Mattannur,4503
278,Benny P Thomas,3516
384,Devadas,4948
412,Dr SP Ramesh,3590
417,East Coast Vijayan,4284
483,GR Indugopan,4783
500,Hariharan,3707
503,Hashna Hash,3908
509,Ilanthoor Vijayakumar,3524
550,Jayaprakash,3680
551,Jayaraj,3648
551,Jayaraj,3961
551,Jayaraj,4107
551,Jayaraj,4315
551,Jayaraj,4403
551,Jayaraj,5390
551,Jayaraj,5688
551,Jayaraj,5792
551,Jayaraj,6212
636,Kalabhavan Mani,4508
655,Kamalahasan,6058
655,Kamalahasan,6076
699,Kiran Varma,5666
755,Kurippuzha Sreekumar,4867
801,Madhu Muttom,3890
801,Madhu Muttom,4327
816,Malayattoor Ramakrishnan,4689
852,Mathew Paul,3257
857,MD Rajendran,4202
882,Mohan Sharma,4696
900,MT Vasudevan Nair,3404
900,MT Vasudevan Nair,4051
900,MT Vasudevan Nair,4120
900,MT Vasudevan Nair,4564
900,MT Vasudevan Nair,4845
926,Nadirsha,5593
951,Nikhil K Menon,4752
988,BR Jacob,4831
993,P Prakash,4160
993,P Prakash,6095
1081,Pramod Shornur,3686
1101,Priyadarshan,3285
1101,Priyadarshan,3396
1101,Priyadarshan,3559
1101,Priyadarshan,3628
1101,Priyadarshan,3646
1101,Priyadarshan,4322
1101,Priyadarshan,4861
1101,Priyadarshan,5062
1101,Priyadarshan,5313
1123,R Venugopal,5099
1131,Rafeeq Ahamed,3882
1132,Rafi Mathira,4230
1151,Rajasenan,3250
1151,Rajasenan,3725
1151,Rajasenan,3785
1151,Rajasenan,3851
1151,Rajasenan,4099
1151,Rajasenan,4250
1151,Rajasenan,4426
1151,Rajasenan,4738
1151,Rajasenan,4825
1151,Rajasenan,4913
1187,Ramesh Maniyath,4943
1200,Ranjith,3276
1200,Ranjith,3280
1200,Ranjith,3326
1200,Ranjith,3474
1200,Ranjith,3560
1200,Ranjith,3561
1200,Ranjith,3623
1200,Ranjith,3712
1200,Ranjith,3809
1200,Ranjith,3859
1200,Ranjith,3913
1200,Ranjith,3922
1200,Ranjith,3950
1200,Ranjith,4008
1200,Ranjith,4133
1200,Ranjith,4206
1200,Ranjith,4225
1200,Ranjith,4295
1200,Ranjith,4462
1200,Ranjith,4551
1200,Ranjith,4720
1200,Ranjith,4797
1200,Ranjith,5019
1200,Ranjith,5126
1200,Ranjith,5143
1200,Ranjith,5412
1200,Ranjith,5799
1208,Ratheesh Vegha,6181
1224,Renji Panicker,3378
1224,Renji Panicker,3382
1224,Renji Panicker,3773
1224,Renji Panicker,3979
1224,Renji Panicker,4446
1241,Robin Thirumala,3363
1241,Robin Thirumala,3371
1241,Robin Thirumala,3763
1241,Robin Thirumala,3821
1241,Robin Thirumala,4280
1241,Robin Thirumala,4519
1322,Ranjeet Kamala Shankar,5223
1332,Sathish Ananthapuri,4824
1334,Sathyan Anthikkad,3255
1334,Sathyan Anthikkad,3789
1334,Sathyan Anthikkad,3873
1334,Sathyan Anthikkad,3983
1334,Sathyan Anthikkad,4077
1334,Sathyan Anthikkad,4194
1334,Sathyan Anthikkad,4478
1378,Shashi Paravoor,3733
1378,Shashi Paravoor,4164
1385,Shibu Kallar,4154
1396,Shyamaprasad,3651
1396,Shyamaprasad,3899
1396,Shyamaprasad,4200
1396,Shyamaprasad,4523
1396,Shyamaprasad,4779
1434,Sohan Lal,4845
1438,Sonu Sisupal,3492
1463,Sreenivasan,3268
1463,Sreenivasan,3366
1463,Sreenivasan,3465
1463,Sreenivasan,3559
1463,Sreenivasan,3735
1463,Sreenivasan,3826
1463,Sreenivasan,3933
1463,Sreenivasan,4196
1463,Sreenivasan,4513
1463,Sreenivasan,5015
1463,Sreenivasan,5454
1463,Sreenivasan,5636
1463,Sreenivasan,5829
1470,Subash Chandran,4584
1481,Sudhamsu,4177
1481,Sudhamsu,6241
1481,Sudhamsu,6302
1501,Sunil Viswachaithanya,3377
1501,Sunil Viswachaithanya,4294
1501,Sunil Viswachaithanya,5694
1534,TA Razzaq,3288
1534,TA Razzaq,3401
1534,TA Razzaq,3445
1534,TA Razzaq,3638
1534,TA Razzaq,3639
1534,TA Razzaq,3753
1534,TA Razzaq,3755
1534,TA Razzaq,3863
1534,TA Razzaq,3998
1534,TA Razzaq,4043
1534,TA Razzaq,4206
1534,TA Razzaq,4625
1534,TA Razzaq,5190
1534,TA Razzaq,5221
1534,TA Razzaq,5302
1535,TA Shahid,3584
1535,TA Shahid,3600
1535,TA Shahid,3641
1535,TA Shahid,3661
1535,TA Shahid,3708
1535,TA Shahid,3726
1535,TA Shahid,3795
1535,TA Shahid,3889
1535,TA Shahid,3906
1535,TA Shahid,4180
1535,TA Shahid,4508
1576,TP Rajeevan,5019
1634,Arun Vaidyanathan,4989
1646,Vasan,4266
1649,R Pandyarajan,3300
1661,Venu,5002
1661,Venu,5550
1675,Vijayakrishnan,5423
1684,Viju Ramachandran,4243
1684,Viju Ramachandran,4307
1690,Vinayan,3251
1690,Vinayan,3345
1690,Vinayan,3388
1690,Vinayan,3450
1690,Vinayan,3467
1690,Vinayan,3552
1690,Vinayan,3580
1690,Vinayan,3667
1690,Vinayan,3672
1690,Vinayan,3747
1690,Vinayan,3757
1690,Vinayan,3857
1690,Vinayan,3886
1690,Vinayan,3924
1690,Vinayan,4288
1694,Vinod Mankara,5304
1695,Vinu Kiriyath,3554
1695,Vinu Kiriyath,3682
1695,Vinu Kiriyath,4119
1695,Vinu Kiriyath,4262
1738,A Sajeer,5579
1740,A Sheriff,4684
1743,Jayan Vannery,5207
1749,AK Jayan Poduval,4769
1752,AK Sajan,3391
1752,AK Sajan,3664
1752,AK Sajan,3796
1752,AK Sajan,3909
1752,AK Sajan,4061
1752,AK Sajan,4172
1752,AK Sajan,4496
1752,AK Sajan,5230
1752,AK Sajan,5374
1752,AK Sajan,5992
1756,AP Nagarajan,4517
1765,Aashiq Abu,4097
1765,Aashiq Abu,5039
1768,Aditya Sam Abraham,4203
1769,Adoor Gopalakrishnan,3927
1769,Adoor Gopalakrishnan,5333
1771,Baburaj,3178
1771,Baburaj,4068
1771,Baburaj,4460
1771,Baburaj,4590
1773,Aji John,4727
1779,Akku Akbar,4105
1779,Akku Akbar,5012
1780,Albert,3759
1781,Albert Antony,4313
1785,Amal Neerad,3865
1785,Amal Neerad,4174
1785,Amal Neerad,5559
1786,Ambadi Krishnan,3650
1787,Ambili,3944
1789,Amma Rajasekhar,4104
1789,Amma Rajasekhar,4153
1797,Anil Das,4939
1803,Anish J Karinad,4229
1803,Anish J Karinad,6244
1806,Anjali Menon,4040
1806,Anjali Menon,4509
1806,Anjali Menon,4960
1806,Anjali Menon,5774
1807,Antony Eastman,3775
1807,Antony Eastman,4780
1817,Ashok R Nath,5028
1821,Avira Rebecca,3935
1824,Majeed Abu,5661
1826,B Unnikrishnan,3248
1826,B Unnikrishnan,3489
1826,B Unnikrishnan,3738
1826,B Unnikrishnan,3860
1826,B Unnikrishnan,3995
1826,B Unnikrishnan,4073
1826,B Unnikrishnan,4183
1826,B Unnikrishnan,4244
1826,B Unnikrishnan,4512
1826,B Unnikrishnan,4938
1826,B Unnikrishnan,5465
1826,B Unnikrishnan,5949
1831,Babu Janardanan,3513
1831,Babu Janardanan,3788
1831,Babu Janardanan,3834
1831,Babu Janardanan,3904
1831,Babu Janardanan,3994
1831,Babu Janardanan,4001
1831,Babu Janardanan,4076
1831,Babu Janardanan,4287
1831,Babu Janardanan,4432
1831,Babu Janardanan,4438
1831,Babu Janardanan,4598
1831,Babu Janardanan,4622
1831,Babu Janardanan,5191
1836,Babu Thiruvalla,3905
1836,Babu Thiruvalla,4530
1844,Basheer,4314
1848,Bhadran,3556
1848,Bhadran,3743
1860,Biju C Kannan,5295
1862,Biju Varkey,3447
1862,Biju Varkey,4257
1865,Blessy,3645
1865,Blessy,3734
1865,Blessy,3852
1865,Blessy,3962
1865,Blessy,4091
1865,Blessy,4464
1865,Blessy,4770
1868,Boyapati Sreenu,5318
1868,Boyapati Sreenu,5858
1868,Boyapati Sreenu,6100
1881,Captain Raju,4660
1884,Chandrahasan,4992
1895,Das,3264
1901,Deepu Karunakaran,4024
1901,Deepu Karunakaran,4044
1901,Deepu Karunakaran,4312
1901,Deepu Karunakaran,5087
1902,Dennis Joseph,3447
1902,Dennis Joseph,3654
1902,Dennis Joseph,3775
1902,Dennis Joseph,3870
1902,Dennis Joseph,3914
1902,Dennis Joseph,4064
1902,Dennis Joseph,4113
1902,Dennis Joseph,4253
1902,Dennis Joseph,4391
1902,Dennis Joseph,4861
1909,Dinesh Babu,5687
1913,Dr. Biju,4145
1913,Dr. Biju,4433
1913,Dr. Biju,4518
1913,Dr. Biju,4952
1913,Dr. Biju,4963
1913,Dr. Biju,5421
1917,Dr S Janardanan,3814
1917,Dr S Janardanan,5293
1926,Fazil,3241
1926,Fazil,3457
1926,Fazil,3627
1926,Fazil,4072
1926,Fazil,4239
1926,Fazil,4269
1927,Fazil-Jayakrishna,4093
1950,Gireesh Nair,6030
1958,Govindankutty Adoor,4189
1960,Hakkim Rawther,3353
1962,Siva Krishnamoorthy,3492
1964,Harikumar,5443
1981,J Karunakumar,4151
1985,JD Chakravarthy,4026
1999,Jayakumar Nair,3238
2002,Jayaraj Vijay,5138
2007,Jeethu Joseph,3891
2007,Jeethu Joseph,4190
2007,Jeethu Joseph,4649
2007,Jeethu Joseph,4835
2007,Jeethu Joseph,4888
2007,Jeethu Joseph,5288
2007,Jeethu Joseph,5450
2007,Jeethu Joseph,5541
2009,John Ditto,4267
2012,Johnson Esthappan,3383
2012,Johnson Esthappan,3715
2012,Johnson Esthappan,5021
2016,Jomon,3363
2020,Jose Thomas,3469
2026,Joshy Mathew,4385
2032,K Biju,4303
2059,KB Madhu,3261
2064,KG Vijayakumar,5314
2067,KJ Bose,3801
2070,Simon Kuruvila,6122
2073,KP Kumaran,4011
2077,KP Sunil,4126
2094,Kabeer Rawuthar,4221
2100,Kalavoor Ravikumar,3342
2100,Kalavoor Ravikumar,3471
2100,Kalavoor Ravikumar,3579
2100,Kalavoor Ravikumar,3585
2100,Kalavoor Ravikumar,3660
2100,Kalavoor Ravikumar,3881
2100,Kalavoor Ravikumar,4114
2100,Kalavoor Ravikumar,4169
2100,Kalavoor Ravikumar,4455
2100,Kalavoor Ravikumar,4489
2100,Kalavoor Ravikumar,4712
2100,Kalavoor Ravikumar,4898
2100,Kalavoor Ravikumar,5382
2102,Kamal,3352
2102,Kamal,3550
2102,Kamal,3565
2102,Kamal,3831
2102,Kamal,3993
2102,Kamal,4169
2102,Kamal,4272
2102,Kamal,4717
2102,Kamal,5479
2102,Kamal,6090
2108,Karunakaran,4101
2112,Kiran,4275
2122,Kukku Surendran,4280
2125,Kumar Nanda,4314
2125,Kumar Nanda,4635
2126,Rajiv Menon,5622
2128,Lal,4070
2128,Lal,4181
2128,Lal,4256
2128,Lal,4545
2128,Lal,5208
2132,Lenin Rajendran,3290
2132,Lenin Rajendran,3570
2132,Lenin Rajendran,4240
2132,Lenin Rajendran,4552
2134,Lijo Jose Pellissery,4728
2134,Lijo Jose Pellissery,5127
2135,Leo Thaddeus,3991
2135,Leo Thaddeus,4258
2135,Leo Thaddeus,5497
2135,Leo Thaddeus,5876
2136,Lohithadas,3244
2136,Lohithadas,3299
2136,Lohithadas,3355
2136,Lohithadas,3563
2136,Lohithadas,3582
2136,Lohithadas,3843
2136,Lohithadas,3900
2142,M Mohanan,4300
2142,M Mohanan,4642
2142,M Mohanan,5199
2143,M Padmakumar,3836
2146,MA Nishad,3837
2146,MA Nishad,3888
2146,MA Nishad,4006
2146,MA Nishad,4106
2146,MA Nishad,4262
2146,MA Nishad,5621
2148,MA Venu,3634
2148,MA Venu,3875
2152,MD Sukumaran,3746
2152,MD Sukumaran,5564
2153,MG Sasi,3980
2153,MG Sasi,4692
2167,MS Gupta,4156
2171,Madhav Ramadasan,4975
2171,Madhav Ramadasan,5755
2175,Mahesh,3840
2175,Mahesh,4076
2180,Majid Gulisthan,4261
2181,Major Ravi,3820
2181,Major Ravi,3898
2181,Major Ravi,4004
2181,Major Ravi,4252
2181,Major Ravi,4686
2181,Major Ravi,4981
2181,Major Ravi,5251
2184,Mamas,4187
2184,Mamas,4581
2184,Mamas,4874
2188,Mani Ratnam,3944
2188,Mani Ratnam,5063
2192,Martin Prakkat,4251
2192,Martin Prakkat,4745
2192,Martin Prakkat,5166
2200,Mohan Raghavan,4112
2203,Mohan Thomas,4236
2211,Murali Nagavally,3396
2211,Murali Nagavally,4198
2212,Murali Nair,3406
2212,Murali Nair,3589
2212,Murali Nair,3946
2214,Myshkin,4154
2230,Nandakumar Kavil,6170
2233,Nasser,3622
2240,Nithin Ramakrishnan,4016
2245,P Anil,3247
2258,P Padmarajan,5536
2285,PK Radhakrishnan,6082
2298,PT Kunju Muhammad,3858
2298,PT Kunju Muhammad,4306
2298,PT Kunju Muhammad,5503
2306,Parasuraam Bujji,4266
2315,Prabhakaran Muthana,4233
2322,Pramod Pappan,4135
2325,Prasanth Mambulli,4081
2325,Prasanth Mambulli,5184
2325,Prasanth Mambulli,5264
2334,Priyanandanan,5646
2336,Puri Jagannath,4730
2343,R Sharath,3302
2343,R Sharath,3751
2343,R Sharath,4935
2343,R Sharath,5456
2344,R Sukumaran,4166
2346,RJ Prasad,3286
2346,RJ Prasad,5076
2354,Radha Mohan,3947
2357,Rafi,3295
2357,Rafi,3301
2357,Rafi,3372
2357,Rafi,3581
2357,Rafi,3640
2357,Rafi,3736
2357,Rafi,3864
2357,Rafi,3883
2357,Rafi,3928
2357,Rafi,4056
2357,Rafi,4289
2357,Rafi,4951
2357,Rafi,5195
2357,Rafi,5411
2357,Rafi,5932
2367,Raj Nair,4171
2376,Rajeev Anchal,3277
2376,Rajeev Anchal,4165
2377,Rajeevnath,4027
2377,Rajeevnath,5844
2380,Rajesh Amanakara,4547
2381,Rajesh Balachandran,4208
2382,Rajesh Kannamkkara,4279
2382,Rajesh Kannamkkara,5562
2396,Ramakanth Sarju,4116
2397,Praneesh Vijayan,5309
2397,Praneesh Vijayan,5981
2400,Ramesh Varma,4155
2402,Ranjan Pramod,3370
2402,Ranjan Pramod,3476
2402,Ranjan Pramod,3549
2402,Ranjan Pramod,3705
2402,Ranjan Pramod,3714
2402,Ranjan Pramod,3825
2402,Ranjan Pramod,4765
2402,Ranjan Pramod,5038
2402,Ranjan Pramod,5446
2405,Ranjith Shankar,4084
2405,Ranjith Shankar,4278
2405,Ranjith Shankar,4634
2405,Ranjith Shankar,4873
2405,Ranjith Shankar,5018
2405,Ranjith Shankar,5212
2405,Ranjith Shankar,5323
2405,Ranjith Shankar,5449
2405,Ranjith Shankar,5507
2405,Ranjith Shankar,5708
2416,Reji Mathew,4297
2425,Rosshan Andrrews,3735
2425,Rosshan Andrrews,5285
2426,Roy,4132
2429,Rupesh Paul,4201
2429,Rupesh Paul,4566
2447,SL Puram Jayasurya,3793
2447,SL Puram Jayasurya,4110
2447,SL Puram Jayasurya,5711
2447,SL Puram Jayasurya,6008
2447,SL Puram Jayasurya,6155
2449,SP Mahesh,4522
2463,Sajeevan,3799
2463,Sajeevan,3846
2463,Sajeevan,4223
2467,Salim Ahamed,4318
2467,Salim Ahamed,4774
2467,Salim Ahamed,5133
2467,Salim Ahamed,5912
2468,Salim Baba,4089
2473,Sameer Thahir,4431
2476,Sangeeth Sivan,4641
2477,Sanil Kalathil,6032
2481,Sanjeev Sivan,3664
2485,Santhosh Sivan,6017
2488,Sarathchandran Wayanad,3572
2488,Sarathchandran Wayanad,3721
2488,Sarathchandran Wayanad,3751
2495,Sasi Sankar,3300
2498,Satheesh Pothuval,4075
2499,Satheesh Venganoor,3685
2501,Sathish Menon,3478
2509,Shafi,4282
2509,Shafi,4712
2509,Shafi,5495
2510,Shaiju Anthikkad,4102
2510,Shaiju Anthikkad,4929
2510,Shaiju Anthikkad,5531
2513,Shaji Azeez,4231
2514,Shaji Kailas,4550
2515,Shaji N Karun,4810
2516,Shaji Rajasekhar,4234
2520,Shanker,4111
2523,Shebi Chavakkaad,4211
2523,Shebi Chavakkaad,5529
2532,Shyju-Shaji,3990
2536,Sidhique Shameer,4284
2541,Sivakumar,4148
2545,Sohan Seenulal,5352
2577,Sunil Kumar Desai,6139
2578,Sunil Madhav,4146
2585,Suresh Menon,4715
2585,Suresh Menon,4766
2586,Suresh Narayanan,5746
2592,Swabri,4263
2593,Swathi Bhaskar,4069
2593,Swathi Bhaskar,4494
2593,Swathi Bhaskar,4635
2601,TK Rajeev Kumar,3381
2601,TK Rajeev Kumar,3460
2601,TK Rajeev Kumar,3599
2601,TK Rajeev Kumar,3608
2601,TK Rajeev Kumar,4046
2601,TK Rajeev Kumar,4783
2608,TS Saji,3387
2609,TS Suresh Babu,4253
2611,TV Chandran,3274
2611,TV Chandran,3588
2611,TV Chandran,3649
2611,TV Chandran,3969
2611,TV Chandran,4138
2611,TV Chandran,4305
2611,TV Chandran,4640
2611,TV Chandran,5263
2611,TV Chandran,5869
2614,Thaha,4071
2614,Thaha,4125
2623,Thoppil Bhasi,4538
2626,Trivikram Srinivas,3966
2626,Trivikram Srinivas,5153
2632,Uday Anandan,3882
2632,Uday Anandan,5209
2636,Ummer Karikkad,4081
2638,V Krishnakumar,4152
2641,V Murali,3386
2651,VM Vinu,3451
2651,VM Vinu,4693
2654,VR Gopalakrishnan,3277
2654,VR Gopalakrishnan,3365
2657,VS Jayakrishna,4237
2665,Vaisakh,4885
2679,Vijay Menon,5335
2687,Viji Thampy,3636
2693,Vinu Anand,4541
2695,Vinu Joseph,5505
2698,Vipin Vijay,4264
2702,Viswanathan,3792
2702,Viswanathan,4092
2727,Mahesh Sharma,4871
2744,John Paul,3636
2744,John Paul,4082
2745,Dinesh Pallath,4878
2745,Dinesh Pallath,4980
2745,Dinesh Pallath,5096
2745,Dinesh Pallath,5250
2745,Dinesh Pallath,5572
2745,Dinesh Pallath,6137
2748,Kaloor Dennis,3235
2748,Kaloor Dennis,3266
2748,Kaloor Dennis,3450
2748,Kaloor Dennis,3631
2748,Kaloor Dennis,3710
2748,Kaloor Dennis,3731
2748,Kaloor Dennis,3763
2748,Kaloor Dennis,4128
2748,Kaloor Dennis,4255
2748,Kaloor Dennis,4780
2749, Riaz M T,4914
2759,Ambili Chandramohan,4517
2772,VP Hemanth Kumar,5051
2782,KB Raju,3987
2782,KB Raju,4643
2785,Rejishh Midhila,5004
2785,Rejishh Midhila,5803
2786,Sajin Babu,5114
2786,Sajin Babu,5401
2787,Viswan,5117
2800,Shibu Chellamangalam ,5177
2803,Shanil Mohammad,4866
2803,Shanil Mohammad,5312
2804,Pravin Kumar,5024
2811,S Vinod Kumar ,4922
2814,MD Thamizharashan,5180
2814,MD Thamizharashan,5222
2824,Vikram S Nair,4676
2831,Bibin George,5135
2831,Bibin George,5381
2831,Bibin George,5818
2831,Bibin George,6158
2841,Sebastine Maliyekkal,5349
2849,ManuSankar,5350
2864,Anoop Ramesh,4772
2866,Jeyen Raj,5351
2869,Shabari Shankar,4098
2873,Jayan K Cheriyan,5909
2881,Mammen K Rajan,4386
2883,Rajesh Touchriver,4697
2888,Pradeep Sivasankar,5179
2893,Rojin Thomas,5257
2901,Bency Bijoy,4778
2902,Radhakrishnan Pallath,5326
2916,Saraswathy,5326
2965,Baiju Ezhupunna,4740
2966,Vamanapuram Mani,4681
2970,Balu Irinjalakuda,3710
2988,Vivek Ranjith,5262
2989,Suresh Unni,3238
3022,Martin C Joseph,5179
3024,Joe Eshwar,4605
3046,Anwar Huzain,4641
3046,Anwar Huzain,5533
3049,Roy Thaikkadan,5584
3055,Linta Jeethu,5948
3056,Jude Antony Joseph,4921
3056,Jude Antony Joseph,5299
3061,Midhun Manuel Thomas,4921
3061,Midhun Manuel Thomas,5093
3061,Midhun Manuel Thomas,5336
3061,Midhun Manuel Thomas,5575
3061,Midhun Manuel Thomas,5945
3070,Santhosh Gopal,4985
3087,Chandrasekhar Yeleti,5338
3093,John Manthrickal,5419
3093,John Manthrickal,6211
3110,Thomas Martin Durd,5331
3118,Visakh G S,4955
3130,Fr Michael Panachikal,4132
3131,Nikhil Menon,5335
3142,MS Pradeep Kumar,4260
3145,R Nandakumar,4260
3163,George Mathew,4421
3167,Udaykrishna,3254
3167,Udaykrishna,3344
3167,Udaykrishna,3369
3167,Udaykrishna,3444
3167,Udaykrishna,3469
3167,Udaykrishna,3558
3167,Udaykrishna,3564
3167,Udaykrishna,3658
3167,Udaykrishna,3709
3167,Udaykrishna,3784
3167,Udaykrishna,3786
3167,Udaykrishna,3797
3167,Udaykrishna,3813
3167,Udaykrishna,3867
3167,Udaykrishna,3895
3167,Udaykrishna,3950
3167,Udaykrishna,4002
3167,Udaykrishna,4094
3167,Udaykrishna,4186
3167,Udaykrishna,4226
3167,Udaykrishna,4285
3167,Udaykrishna,4321
3167,Udaykrishna,4536
3167,Udaykrishna,4759
3167,Udaykrishna,4834
3167,Udaykrishna,4996
3167,Udaykrishna,5020
3167,Udaykrishna,5029
3167,Udaykrishna,5080
3167,Udaykrishna,5535
3167,Udaykrishna,5783
3167,Udaykrishna,5848
3176,Arun Govindankutty,4876
3184,Jayaprakash Radhakrishnan,5341
3189,Jessen Joseph,5342
3189,Jessen Joseph,5824
3201,SL Puram Jayasoma,3886
3201,SL Puram Jayasoma,4006
3202,Harikumaran Thampi,3997
3223,J Ligy Pullappally,3670
3224,Abhinu Yadhu Sudhanya,4867
3234,Arun Gopinath,4959
3235,Jijo Antony,4944
3235,Jijo Antony,5241
3236,Vinod Sreekumar,4944
3237,Vinil Vasu,4884
3254,Jeeva,3524
3256,Tom Emmatty,5345
3265,John Paul George,5327
3267,Hari Madayi,5322
3280,BN Shajeer Sha,5348
3311,Abhiman SA,5303
3313,Suniraj Kasyap,5303
3319,Govind Vijayan,5313
3329,Nandini Valsan,5209
3336,Arun Omana Sadanandan,5306
3340,Sudev Maruthadi,4475
3349,Nithin Renji Panicker,5311
3351,PN Gopikrishnan,4844
3351,PN Gopikrishnan,5646
3351,PN Gopikrishnan,5911
3354,Arouz Irfan,5310
3356,Sreejith Sukumaran,4854
3358,Sumesh V Robin,4854
3367,Abhilash Sreedharan,5300
3375,Evoor Vasudevan Nair ,4475
3379,Kottayam Nazeer,3482
3380,Sinto Sunny,5294
3388,Rajesh Gopinathan,5291
3392,Arjun Prabhakaran ,5098
3413,Sanoob Anil,5289
3450,Ajeesh Thomas,5279
3450,Ajeesh Thomas,6222
3456,MR Nair Bombay,4055
3468,Vishnu Govind,5274
3474,Maheshraj,3577
3478,Sukesh Roy,5271
3494,Jeo Baby,5600
3495,Mathew George,5655
3537,Viju John Edayathara,5290
3538,Premkumar CV,5273
3540,Rajashree Balaram,5262
3545,"Visakh, Vivek, Vinod",5226
3549,Pradeep Raj,5267
3552,NB Vindhyan,3568
3558,Arun PR,4997
3558,Arun PR,5131
3569,Naseem Vellila,4000
3577,Ajith Pillai,4957
3596,Eldho Jacob,5290
3604,Khalid Rahman,5946
3611,Abhilash S Nair,5235
3617,Socraties K Valath ,4009
3617,Socraties K Valath ,4740
3640,Sanalkumar Sasidharan,5253
3640,Sanalkumar Sasidharan,5321
3640,Sanalkumar Sasidharan,5445
3640,Sanalkumar Sasidharan,5478
3640,Sanalkumar Sasidharan,5970
3659,Joseph Vijeesh,5468
3662,Abi Varghese,5256
3676,Koratala Siva,5346
3687,Suresh Achoos,4828
3700,N R Suresh Babu,5132
3703,Jayakrishna,5231
3709, Bhagyanthan C G,5044
3720,Ummer Muhammed,5769
3726,Anil Narayanan,4725
3726,Anil Narayanan,5014
3726,Anil Narayanan,5259
3726,Anil Narayanan,5540
3738,Sreejith N,4863
3765,Vinod and Vinod,5168
3765,Vinod and Vinod,5248
3770,Vipin Das,5210
3771,U Prasannakumar,4718
3771,U Prasannakumar,5136
3773,Perarsu,5676
3781, Fazil Basheer,5211
3797,Benny Esthaac ,5198
3800,Sreejith Vijayan,5614
3803,Raju Champakkara,5056
3826,PV Shaji Kumar,5173
3826,PV Shaji Kumar,5428
3857,Vasanthabalan ,5183
3919,Anil Radhakrishnan Menon,4855
3919,Anil Radhakrishnan Menon,4986
3919,Anil Radhakrishnan Menon,5122
3919,Anil Radhakrishnan Menon,5485
3922,Raju Micheal,5053
3938,Siju Raghav,4821
3953,Fazal ,5084
3953,Fazal ,5862
3959,Basil Joseph ,5167
3968,Deepu Pradeep ,5167
3994,Sreebala K Menon,5142
4003,Sudevan,4954
4017,Adv. Sangeeth Louis,5704
4027,Vipin Atley,5011
4027,Vipin Atley,5249
4027,Vipin Atley,6219
4048,Raaj Prabhavathy Menon,4827
4050,Saif Ali,4800
4051,NK Muhammed Koya,5049
4058,Anu Ram,5032
4058,Anu Ram,5325
4064,Revathy S Varma,4565
4066,Balaji Mohan,4950
4082,RS Vimal,5134
4088,A R C Nair,5101
4090,Jexson Antony,5097
4094,Sijoy Varghese,4826
4101,Muneer Ali,5470
4102,Gopan Chidambaram,5031
4105,Lohith Madhav,5055
4112,Hashir Mohamed,4832
4120,Deepu Karulaay,3877
4121,VA Jahangeer,3686
4122,Binu S,5701
4127,Raju Chennad,5065
4134,Karumadi Rajendran,5064
4137,Mahesh Keshav,5065
4145,Kiran Narayanan,5066
4145,Kiran Narayanan,5442
4154,Joji Thomas,5017
4154,Joji Thomas,5767
4156,Arshaad Bathery,5557
4161,Shibu Balan,5015
4161,Shibu Balan,5787
4163,Ajith C Lokesh,5612
4181,Baby Thomas,5013
4184,Sibi Padiyara,5064
4184,Sibi Padiyara,5430
4189,Jinu G Daniel,4865
4206,Alagappan,4361
4241,Bhupathi,4575
4281,Vijeesh Vasudev,5577
4305,Sidharth Shiva,4722
4305,Sidharth Shiva,5091
4305,Sidharth Shiva,5247
4305,Sidharth Shiva,5334
4310,Vinu Narayanan,3959
4310,Vinu Narayanan,4111
4339,Krish Kaimal,5357
4339,Krish Kaimal,5776
4366,Mahesh Narayanan,5078
4366,Mahesh Narayanan,5428
4366,Mahesh Narayanan,6381
4445,Rajeev Ravi,4734
4445,Rajeev Ravi,5001
4528,Sujith Nair,4925
4533,Murali Gopy,3657
4533,Murali Gopy,4499
4533,Murali Gopy,4656
4533,Murali Gopy,5244
4533,Murali Gopy,5355
4533,Murali Gopy,5483
4534,Suresh,4144
4536,Mahesh Gopal,5419
4645,Alex Kadavil,3278
4645,Alex Kadavil,3451
4645,Alex Kadavil,3636
4739,Anoop Menon,3782
4739,Anoop Menon,4027
4739,Anoop Menon,4228
4739,Anoop Menon,4276
4739,Anoop Menon,4492
4739,Anoop Menon,4561
4739,Anoop Menon,4583
4739,Anoop Menon,4727
4739,Anoop Menon,4782
4739,Anoop Menon,4906
4739,Anoop Menon,5645
4759,Ajay Devaloka,5742
4817,B Harikumar,4060
4836,Babu Pallassery,3272
4836,Babu Pallassery,3850
4836,Babu Pallassery,4308
4836,Babu Pallassery,5120
4918,G Prem,5265
4948,Bala,4741
4986,Bharathan Njarakkal,5217
4986,Bharathan Njarakkal,5602
5047,CR Ajaya Kumar,5271
5049,Harilal Gandhi,5214
5217,GS Pradeep,5996
5218,Manoj Nair,5216
5235,Geethu Mohandas,5490
5330,Ajmal,4548
5330,Ajmal,5119
5341,J Pallassery,3253
5341,J Pallassery,3345
5341,J Pallassery,3449
5341,J Pallassery,3572
5341,J Pallassery,3573
5341,J Pallassery,3757
5341,J Pallassery,3827
5341,J Pallassery,3875
5341,J Pallassery,3932
5341,J Pallassery,4093
5341,J Pallassery,4116
5341,J Pallassery,4723
5352,Jagadish,4127
5358,Dhanoj Naik,5278
5360,Jain George,4211
5380,Jayakumar,3288
5393,Jayaprakash Kuloor,3381
5393,Jayaprakash Kuloor,4683
5424,John,3681
5446,Joy Mathew,4743
5446,Joy Mathew,5659
5502,Saseendran Vadakara,4291
5660,Kollam Ajith,4880
5660,Kollam Ajith,5548
5697,Sudhir Kumar,3264
5698,Sunil K Anand,3857
5699,Sujith Sajith,4250
5699,Sujith Sajith,4681
5794,Balamuralikrishna,3471
5824,Manoj Alunkal,5217
5828,Madambu Kunjukuttan,3283
5828,Madambu Kunjukuttan,3576
5828,Madambu Kunjukuttan,3577
5828,Madambu Kunjukuttan,3702
5828,Madambu Kunjukuttan,3862
5828,Madambu Kunjukuttan,4085
5828,Madambu Kunjukuttan,5265
5879,Dhanwanthari,3463
5912,Manu Jose,3665
6001,Padmendra Prasad,5219
6064,Siva Chandran,4130
6142,Rishi Sivakumar,5236
6171,Ramesh Kanna,3611
6262,P Balachandran,3232
6262,P Balachandran,3749
6262,P Balachandran,4527
6262,P Balachandran,5305
6262,P Balachandran,6162
6284,MS Muralidharan,3494
6415,R Unni,3865
6415,R Unni,4431
6415,R Unni,4515
6415,R Unni,5002
6415,R Unni,5166
6415,R Unni,5292
6415,R Unni,5321
6483,Omar Lulu,5468
6483,Omar Lulu,5631
6483,Omar Lulu,6226
6499,KS Ravikumar,3611
6555,TP Devarajan,3302
6555,TP Devarajan,4946
6566,Ramesh Pisharadi,5652
6566,Ramesh Pisharadi,5960
6685,Gopakumar Narayana Pillai,5083
6697,Sabitha Jayaraj,3353
6712,Saiju Kurup,4752
6725,Saju Kodiyan,4294
6725,Saju Kodiyan,5448
6735,Salim Kumar,5105
6735,Salim Kumar,5466
6735,Salim Kumar,5593
6767,Ramesh Madhavan,3981
6781,Thrissur Viswam,4167
6801,Sarath Haridasan,4920
6844,Dr. Santhosh Souparnika,4679
6844,Dr. Santhosh Souparnika,5003
6886,Subhash Thiruvilwamala,5025
6939,Vinod Guruvayoor,4021
6939,Vinod Guruvayoor,4319
6939,Vinod Guruvayoor,4535
6939,Vinod Guruvayoor,5307
6939,Vinod Guruvayoor,5894
6965,Siddique,3555
6965,Siddique,3768
6965,Siddique,4162
6965,Siddique,4744
6965,Siddique,5050
6965,Siddique,5208
6965,Siddique,5384
6965,Siddique,6036
6967,Sidharth Bharathan,4500
6983,R Thyagarajan,3386
7071,Preethi Panikkar,5220
7116,Sujay M Mathew,3429
7165,Suresh Babu,3251
7165,Suresh Babu,3459
7169,Suresh Nair,4931
7195,Syam Seethal,5796
7199,T Damodaran,3239
7199,T Damodaran,3800
7199,T Damodaran,3830
7297,Guiness Pakru (Ajayakumar),4715
7297,Guiness Pakru (Ajayakumar),5966
7410,Anwar Sadhique,5036
7410,Anwar Sadhique,6136
7454,Vineeth Kumar,5143
7500,AK Santhosh,3527
7500,AK Santhosh,3833
7500,AK Santhosh,4191
7510,Jenuse Mohamed,5085
7510,Jenuse Mohamed,5760
7513,Ajith Prathap,3447
7515,Alankode Leelakrishnan,3581
7521,Ananthu,4500
7522,Anil Raj,3932
7522,Anil Raj,5834
7523,Anish Panicker,3673
7526,Anzar Kalabhavan,4255
7529,Aryadan Shaukath,3588
7529,Aryadan Shaukath,3724
7529,Aryadan Shaukath,3969
7532,Ashok -Sasi,3747
7537,B Jayachandran,3281
7537,B Jayachandran,4859
7548,Benny P Nayarambalam,3350
7548,Benny P Nayarambalam,3452
7548,Benny P Nayarambalam,3456
7548,Benny P Nayarambalam,3704
7548,Benny P Nayarambalam,3744
7548,Benny P Nayarambalam,3845
7548,Benny P Nayarambalam,3872
7548,Benny P Nayarambalam,3982
7548,Benny P Nayarambalam,4023
7548,Benny P Nayarambalam,4131
7548,Benny P Nayarambalam,4259
7548,Benny P Nayarambalam,4482
7548,Benny P Nayarambalam,4698
7548,Benny P Nayarambalam,4739
7548,Benny P Nayarambalam,4851
7548,Benny P Nayarambalam,4993
7548,Benny P Nayarambalam,5308
7548,Benny P Nayarambalam,5499
7552,Biju Devassey,3803
7552,Biju Devassey,3810
7552,Biju Devassey,3874
7553,Biju Vattapara,3706
7553,Biju Vattapara,3851
7553,Biju Vattapara,4219
7553,Biju Vattapara,4230
7553,Biju Vattapara,4672
7555,Bobby-Sanjay,3569
7555,Bobby-Sanjay,3844
7555,Bobby-Sanjay,4270
7555,Bobby-Sanjay,4271
7555,Bobby-Sanjay,4454
7555,Bobby-Sanjay,4670
7555,Bobby-Sanjay,4812
7555,Bobby-Sanjay,5116
7555,Bobby-Sanjay,5285
7555,Bobby-Sanjay,5744
7555,Bobby-Sanjay,5986
7555,Bobby-Sanjay,6200
7556,C Balachandran,4198
7556,C Balachandran,4708
7558,C Sasidharan Pillai,3368
7559,CV Balakrishnan,3255
7559,CV Balakrishnan,4309
7559,CV Balakrishnan,4971
7572,Chandrakanth Kulkkarni,3285
7573,O Chandu Menon,5521
7578,Cheriyan Kalpakavadi,3732
7578,Cheriyan Kalpakavadi,4053
7578,Cheriyan Kalpakavadi,4055
7578,Cheriyan Kalpakavadi,4106
7578,Cheriyan Kalpakavadi,4511
7578,Cheriyan Kalpakavadi,6013
7579,Chinni Krishna,4118
7579,Chinni Krishna,4457
7589,Dileesh Nair,4311
7589,Dileesh Nair,4579
7589,Dileesh Nair,4607
7589,Dileesh Nair,5027
7589,Dileesh Nair,5559
7591,Dr. Iqbal Kuttippuram,3352
7591,Dr. Iqbal Kuttippuram,3550
7591,Dr. Iqbal Kuttippuram,3565
7591,Dr. Iqbal Kuttippuram,3648
7591,Dr. Iqbal Kuttippuram,3885
7591,Dr. Iqbal Kuttippuram,4304
7591,Dr. Iqbal Kuttippuram,4534
7591,Dr. Iqbal Kuttippuram,4852
7591,Dr. Iqbal Kuttippuram,4991
7591,Dr. Iqbal Kuttippuram,5375
7594,Dr Rajendrababu,3647
7594,Dr Rajendrababu,4165
7599,Santhosh Echikkanam,4500
7599,Santhosh Echikkanam,4607
7599,Santhosh Echikkanam,5001
7599,Santhosh Echikkanam,5079
7599,Santhosh Echikkanam,5406
7599,Santhosh Echikkanam,5505
7614,GA Lal,3278
7615,GB Vijay,3465
7616,GC Karakkal,3324
7618,GS Anand,4205
7622,Ganguraj,3628
7630,Gopu,4220
7632,Govardhan,3484
7633,Govind Padman,3291
7633,Govind Padman,3365
7637,Hamsa Kayanikkara,3294
7638,Haridas Karivellur,3643
7638,Haridas Karivellur,3666
7639,Haripad Harilal,4207
7639,Haripad Harilal,5276
7639,Haripad Harilal,5296
7641,Indu Menon,3967
7641,Indu Menon,4201
7645,James Albert,3816
7645,James Albert,3957
7645,James Albert,4134
7645,James Albert,4493
7645,James Albert,4582
7645,James Albert,4891
7645,James Albert,5067
7647,Jayan Poojappura,3271
7650,Jaydeep Sahni,4041
7656,Joemon,3826
7664,Joshua Newtonn,4100
7674,K Gireesh Kumar,3642
7674,K Gireesh Kumar,3742
7674,K Gireesh Kumar,3882
7674,K Gireesh Kumar,3992
7674,K Gireesh Kumar,4062
7674,K Gireesh Kumar,4105
7674,K Gireesh Kumar,4231
7674,K Gireesh Kumar,4361
7674,K Gireesh Kumar,4498
7674,K Gireesh Kumar,4763
7674,K Gireesh Kumar,5010
7674,K Gireesh Kumar,5481
7676,K Murali Menon,5275
7688,KK Sudhakaran,3914
7692,KP Ramanunni,4117
7694,KS Noushad,3348
7694,KS Noushad,4000
7694,KS Noushad,4530
7698,KU Iqbal,4272
7699,KU Mani,4095
7704,Kakkanadan,4798
7709,Kaloor Dominic,4009
7719,Kiran Prabhakar,5756
7725,Krishna Poojappura,4090
7725,Krishna Poojappura,4168
7725,Krishna Poojappura,4212
7725,Krishna Poojappura,4227
7725,Krishna Poojappura,4317
7725,Krishna Poojappura,4449
7725,Krishna Poojappura,4451
7725,Krishna Poojappura,4537
7725,Krishna Poojappura,4576
7725,Krishna Poojappura,4968
7725,Krishna Poojappura,5088
7725,Krishna Poojappura,5260
7725,Krishna Poojappura,5628
7733,M Hajamoinu,4320
7733,M Hajamoinu,4942
7738,M Kamaruddin,5810
7740,M Mukundan,3484
7744,M Sindhuraj,3553
7744,M Sindhuraj,3663
7744,M Sindhuraj,3964
7744,M Sindhuraj,4096
7744,M Sindhuraj,4224
7744,M Sindhuraj,4559
7744,M Sindhuraj,4811
7744,M Sindhuraj,5224
7744,M Sindhuraj,5383
7744,M Sindhuraj,5890
7745,M Sukumaran,3590
7757,MN Sreedharan,4675
7768,Madhavikkutty (Kamala Surayya),3290
7768,Madhavikkutty (Kamala Surayya),4219
7771,Mahesh Mithra,3389
7771,Mahesh Mithra,3573
7771,Mahesh Mithra,3597
7771,Mahesh Mithra,3644
7771,Mahesh Mithra,4159
7771,Mahesh Mithra,4674
7778,Mani Shornur,3629
7778,Mani Shornur,3630
7778,Mani Shornur,3741
7778,Mani Shornur,4549
7799,Yousuf Mohammed,5100
7813,N Prabhakaran,3808
7813,N Prabhakaran,4520
7816,NP Muhammed,4306
7819,Najeem Koya,4567
7819,Najeem Koya,5589
7824,Nizam Rauthar,4241
7824,Nizam Rauthar,4675
7827,OV Vijayan,3589
7843,PF Mathews,5705
7843,PF Mathews,5916
7843,PF Mathews,6118
7854,PS Kumar,3261
7854,PS Kumar,3380
7854,PS Kumar,3586
7854,PS Kumar,5229
7856,PS Rafeeq,4182
7856,PS Rafeeq,4728
7856,PS Rafeeq,5129
7856,PS Rafeeq,5392
7856,PS Rafeeq,5919
7862,Pallari Mathikachalam,4130
7863,Pamman,4538
7865,Pappaji,4320
7869,Perumpadavam Sreedharan,3454
7877,Punathil Kunjabdulla,4992
7882,R P G,3483
7884,Sakkir Madathil,5871
7890,Raghunath Paleri,3256
7890,Raghunath Paleri,3279
7890,Raghunath Paleri,3557
7890,Raghunath Paleri,3750
7890,Raghunath Paleri,3785
7890,Raghunath Paleri,4477
7891,Rahim Poovattuparambu,3237
7893,Rajan Kiriyath,3291
7893,Rajan Kiriyath,3324
7893,Rajan Kiriyath,3470
7893,Rajan Kiriyath,3637
7893,Rajan Kiriyath,3728
7893,Rajan Kiriyath,3888
7893,Rajan Kiriyath,3987
7893,Rajan Kiriyath,4592
7895,Rajesh Jayaraman,3705
7895,Rajesh Jayaraman,3841
7895,Rajesh Jayaraman,3879
7895,Rajesh Jayaraman,3960
7895,Rajesh Jayaraman,4135
7895,Rajesh Jayaraman,4439
7895,Rajesh Jayaraman,4447
7895,Rajesh Jayaraman,4669
7895,Rajesh Jayaraman,4736
7895,Rajesh Jayaraman,5426
7895,Rajesh Jayaraman,5737
7895,Rajesh Jayaraman,5916
7896,Rajesh Varma,4313
7896,Rajesh Varma,4359
7896,Rajesh Varma,5154
7897,Reji Nair,3562
7897,Reji Nair,4542
7898,Rajiv,4277
7904,Rassaque Thyakavu,3846
7905,Ravi Sekhar,3557
7910,Renjith Rajaputhra,3827
7914,S Bhasurachandran,3930
7917,S Suresh Babu,3711
7917,S Suresh Babu,3988
7917,S Suresh Babu,4215
7917,S Suresh Babu,4435
7917,S Suresh Babu,4528
7917,S Suresh Babu,4612
7917,S Suresh Babu,4651
7917,S Suresh Babu,4830
7917,S Suresh Babu,5081
7917,S Suresh Babu,5109
7921,SK Pottakkad,5076
7922,SL Puram Sadanandan,3288
7923,SN Swamy,3376
7923,SN Swamy,3679
7923,SN Swamy,3697
7923,SN Swamy,3762
7923,SN Swamy,3861
7923,SN Swamy,3968
7923,SN Swamy,4065
7923,SN Swamy,4139
7923,SN Swamy,4184
7923,SN Swamy,4293
7923,SN Swamy,4721
7924,Sab John,3284
7928,Sadanan(Sadanandan Perumbavoor),3520
7928,Sadanan(Sadanandan Perumbavoor),5643
7932,Sajan Cholayil,4291
7934,Saji Damodar,4296
7936,Salin Mankuzy,3733
7936,Salin Mankuzy,4841
7937,Samjad Narayanan,4057
7942,Sarthchandra Chatterji,3894
7950,Satheesh Babu Mancheri,4213
7951,Santhosh Khan,4974
7954,Sathrughnan,3247
7954,Sathrughnan,3493
7954,Sathrughnan,3643
7954,Sathrughnan,3680
7957,Satish Paul,3768
7958,Sethu,4593
7961,Shaji T Nedumkallel,3235
7962,Shani Khadhar,3869
7962,Shani Khadhar,5086
7962,Shani Khadhar,5347
7962,Shani Khadhar,5999
7963,Shankar Ramakrishnan,4290
7963,Shankar Ramakrishnan,4726
7963,Shankar Ramakrishnan,5356
7963,Shankar Ramakrishnan,6091
7967,Shyam Pushkaran,4533
7967,Shyam Pushkaran,5031
7967,Shyam Pushkaran,5039
7967,Shyam Pushkaran,5243
7967,Shyam Pushkaran,5370
7967,Shyam Pushkaran,5771
7968,Shylesh Divakaran,3449
7968,Shylesh Divakaran,4662
7969,Sibi K Thomas,3254
7969,Sibi K Thomas,3564
7972,Satheesh Kumar,4466
7972,Satheesh Kumar,4561
7972,Satheesh Kumar,5197
7973,Sidhique Thamarassery,5551
7974,PM Sindhuraj,3362
7976,Soman Kairikkadu,3534
7977,Soorya Krishna Moorthy,4299
7981,Sreejith IPS,3792
7996,Sudheesh -John,3829
7996,Sudheesh -John,4326
8001,Sunil Gangopadhyaay,3899
8001,Sunil Gangopadhyaay,4523
8002,Sunil Parameswaran,3717
8002,Sunil Parameswaran,3756
8002,Sunil Parameswaran,5121
8003,Sunny Joseph Mala,4488
8003,Sunny Joseph Mala,4783
8006,Suresh Kochammini,6070
8007,Suresh Pathisseri,3612
8007,Suresh Pathisseri,5710
8008,Suresh Pothuval,3250
8008,Suresh Pothuval,3339
8008,Suresh Pothuval,3362
8008,Suresh Pothuval,3954
8008,Suresh Pothuval,5942
8012,Susmesh Chandroth,3837
8012,Susmesh Chandroth,5343
8014,Swamiji,4130
8021,T P Rajeevan,4133
8024,TM Siddique,4178
8030,Thakazhi Sivasankarapillai,3927
8048,Titus Manju,3483
8049,Tommy John,4594
8063,VC Ashok,3252
8063,VC Ashok,3253
8063,VC Ashok,3464
8063,VC Ashok,3473
8063,VC Ashok,3624
8063,VC Ashok,3703
8063,VC Ashok,4059
8063,VC Ashok,4237
8063,VC Ashok,4751
8067,VP Bhanumathy,3594
8072,Vadakkan Pattu,3493
8074,Vaikkom Muhammad Basheer,4916
8087,Vinod K Payyannur,4323
8092,Vyasan Edavanakkadu,3281
8092,Vyasan Edavanakkadu,4274
8092,Vyasan Edavanakkadu,4988
8092,Vyasan Edavanakkadu,5451
8094,Zacharia,4946
8406,K Padma Kumar,4877
8439,Ambadi Haneefa,3593
8439,Ambadi Haneefa,5092
8491,Santhosh Pandit,4463
8491,Santhosh Pandit,4637
8491,Santhosh Pandit,4761
8491,Santhosh Pandit,4896
8491,Santhosh Pandit,5752
8600,YV Rajesh,4316
8600,YV Rajesh,4687
8600,YV Rajesh,4897
8600,YV Rajesh,5301
8600,YV Rajesh,5657
8617,Chemban Vinod Jose,5439
8669,Biju K Arookkutty,5391
8674,Sam Thomas,5990
8716,Manu Krishna,5567
8720,PN Vijayakumar,4786
8721,PR Ajith Kumar,4487
8722,Sathyan Kolangad,4510
8784,Anil Mukhathala,3956
8784,Anil Mukhathala,4095
8784,Anil Mukhathala,4982
8791,Bipin Chandran,4097
8791,Bipin Chandran,4886
8791,Bipin Chandran,4950
8791,Bipin Chandran,5208
8791,Bipin Chandran,5238
8791,Bipin Chandran,5407
8794,CR Chandran,3237
8794,CR Chandran,4197
8794,CR Chandran,4323
8796,EV Sreedharan,3731
8815,P Manoj,4295
8823,Satheesh Muthukulam,3871
8823,Satheesh Muthukulam,4026
8823,Satheesh Muthukulam,4101
8823,Satheesh Muthukulam,4118
8823,Satheesh Muthukulam,4148
8823,Satheesh Muthukulam,4149
8823,Satheesh Muthukulam,4153
8823,Satheesh Muthukulam,4155
8823,Satheesh Muthukulam,4448
8823,Satheesh Muthukulam,4457
8823,Satheesh Muthukulam,4459
8823,Satheesh Muthukulam,4461
8823,Satheesh Muthukulam,4570
8823,Satheesh Muthukulam,4710
8823,Satheesh Muthukulam,6100
8823,Satheesh Muthukulam,6240
8823,Satheesh Muthukulam,6298
8824,Rajan Kizhakkanela,5329
8830,B Ajith Kumar,5574
8848,Don Max,5385
8850,Henrik Ibsen,4011
8890,Krishna Moorthi,5700
8993,Vinod Sukumaran,5103
8999,Kumarakam Baburaj,4060
9022,Rakesh Mantodi,4817
9022,Rakesh Mantodi,5380
9029,Santhosh,3429
9045,Arun Ghosh,4929
9050,TKR Nair,4466
9058,Abrid Shine,4886
9058,Abrid Shine,5203
9058,Abrid Shine,5397
9058,Abrid Shine,6310
9063,Hari Amaravila,4467
9069,Neeraj Madhav,5447
9073,Irshad,4862
9077,Akhil Paul,4928
9077,Akhil Paul,6153
9078,Krishnajith S Vijayan,4914
9080,Radhakrishna KR,4893
9097,Aneesh Anwar,4846
9098,Anil Karakulam,6041
9101,BV Nandini Reddy,4459
9104,Dr Bijulal,4502
9105,EVM Ali,5587
9109,Jayan Sivapuram,4302
9110,Jnaanasheelan,4507
9114,Manoj Vinod,4480
9118,Sajeevan Anthikkaad,4544
9121,Siddique Chendamangaloor,5566
9123,Sugeeth,4495
9124,Sury,4448
9126,TS Jaspal,4440
9131,Premlal,4216
9131,Premlal,4539
9261,Pradeep Kumar Kavumthara,4102
9272,Manoj Palodan,4977
9328,Vini Viswalal,4497
9328,Vini Viswalal,4966
9328,Vini Viswalal,5665
9345,Bejoy KV,4978
9373,Shajiyem,4808
9413,Reji Prabhakar,5221
9470,Manikandan Pattambi,4776
9470,Manikandan Pattambi,4998
9502,AG Vinod,4304
9519,Sudheer Ambalappaadu,4663
9522,Sreevarma Paravenath,4505
9545,A Qube,4447
9547,Sinoj Nedungolam,4425
9547,Sinoj Nedungolam,5258
9549,Francis T Mavelikara,4483
9550,Dr Rahim Kadavath,4309
9551,Abhilash Kumar,4322
9551,Abhilash Kumar,4586
9553,Deedi Damodaran,4005
9553,Deedi Damodaran,4476
9554,Dileep Panicker,4542
9555,Jinu V Abraham,4453
9555,Jinu V Abraham,4823
9555,Jinu V Abraham,5459
9556,KV Anil,4543
9556,KV Anil,4632
9557,GS Anil,4420
9557,GS Anil,4781
9557,GS Anil,4956
9558,Rob Tobin,4422
9561,Ansar Sathyan,4443
9562,Bakrudeen,4426
9563,Manu Prasad,4495
9564,Biju K Joseph,4540
9569,Ratheesh Sukumaran,4450
9569,Ratheesh Sukumaran,4593
9570,Pramod Vaikkom,4445
9571,Nishad K Koya,4926
9571,Nishad K Koya,5130
9571,Nishad K Koya,5316
9571,Nishad K Koya,5592
9618,Dr Sudhakaran Nair,4525
9618,Dr Sudhakaran Nair,5092
9628,Suresh Krishnan,4128
9628,Suresh Krishnan,4529
9637,Satheesh Narayanan,4325
9675,Anil V Nagendran,4857
9681,Shyam,4484
9700,CP Udayabhanu,4403
9718,Sethu,3910
9718,Sethu,4109
9718,Sethu,4282
9718,Sethu,4292
9718,Sethu,4310
9718,Sethu,4524
9718,Sethu,4746
9718,Sethu,4848
9718,Sethu,5061
9718,Sethu,5398
9719,Sachi,4546
9719,Sachi,4737
9719,Sachi,5193
9719,Sachi,5492
9719,Sachi,5982
9772,P Ananthapadmanabhan,4614
9772,P Ananthapadmanabhan,5536
9781,Abhaya Simha,4456
9797,Rajesh Raghavan,4427
9797,Rajesh Raghavan,4719
9797,Rajesh Raghavan,4947
9797,Rajesh Raghavan,5110
9797,Rajesh Raghavan,5664
9834,V Vijayakumar,4507
9836,Syam-Praveen,4753
9837,Jiju Ashokan,4639
9837,Jiju Ashokan,5237
9837,Jiju Ashokan,5647
9855,Shanavas K Bavakutty,5339
9859,Abhiram Suresh Unnithan,4521
9859,Abhiram Suresh Unnithan,5469
9878,Mahinkar Kechery,5441
9878,Mahinkar Kechery,5455
9890,Manoj-Ranjith,4753
9890,Manoj-Ranjith,5227
9894,Shyam Menon,4608
9934,B Jayamohan,4647
9934,B Jayamohan,4859
9934,B Jayamohan,4953
9934,B Jayamohan,4967
9940,Rajesh Nair,4648
9940,Rajesh Nair,4841
9940,Rajesh Nair,5591
9956,SR Raveendran,4471
9968,Madhuri Madhu,4484
9972,AR Murukadas,4490
9993,S Kishor,4658
10008,B Anas,4510
10009,Mani Menon,4510
10015,Rajesh K Narayanan,5332
10015,Rajesh K Narayanan,5994
10022,Santhosh,4177
10027,Raveendran,5038
10029,Asha Sarath,5792
10035,Jayakanth,4700
10043,Kalpatta Narayanan,4702
10044,K Gopinathan,4702
10108,Suresh Govind,5340
10122,J Sujith,4140
10127,Gireesh,4589
10146,Dhyan Sreenivasan,5560
10171,Sumesh - Amal,4587
10194,Jalal Magnus,4878
10223,Roopesh Peethambaran,4732
10223,Roopesh Peethambaran,5164
10249,Manoj Payyannoor,4693
10272,Sunil Ibrahim,4724
10272,Sunil Ibrahim,4847
10272,Sunil Ibrahim,5537
10273,MR Vibin,4724
10273,MR Vibin,4847
10273,MR Vibin,5085
10277,Prasanth Murali,4359
10313,U Harish,4741
10328,Shalini Usha Nair,4689
10342,Manoj Kana,4747
10342,Manoj Kana,5218
10387,Anand Sankar,5618
10403,Hareesh Unni,4731
10429,Dhinil Babu,4978
10438,Vinu Abraham,4609
10438,Vinu Abraham,4717
10438,Vinu Abraham,5844
10469,Shine Kuryan,5187
10478,Venu Pradeep,4645
10483,Ajayan Venugopalan,4714
10483,Ajayan Venugopalan,4989
10483,Ajayan Venugopalan,5112
10483,Ajayan Venugopalan,6084
10523,Shiju Nambyathu,3898
10523,Shiju Nambyathu,4602
10523,Shiju Nambyathu,5251
10530,AC Vijeesh,4735
10530,AC Vijeesh,5125
10541,KS Padmakumar,4218
10541,KS Padmakumar,5568
10560,Shaji Francis,4764
10562,Prasad Raman,4762
10563,VH Dirar,4762
10576,Balaji Sakthivel,4723
10610,P Suku Menon,4167
10615,Arunlal Ramachandran,4729
10615,Arunlal Ramachandran,4809
10615,Arunlal Ramachandran,4927
10615,Arunlal Ramachandran,5240
10615,Arunlal Ramachandran,5280
10616,Farook Abdul Rahiman,4773
10692,Jayaraj Century,5894
10697,Muhammed Musthafa,6348
10704,MS Sunil kumar,4786
10709,Alphonse Putharen,4788
10709,Alphonse Putharen,5095
10712,Mohsin Kassim,4788
10714,Shyam Mohan,4789
10740,Manoj Ramsingh,4790
10740,Manoj Ramsingh,5464
10756,Noufal Blathoor,4386
10763,Venu,3685
10781,P Sivaram,4630
10793,Sennan Pallassery,4798
10803,PG Anilkumar,3750
10846,AG Sukumaran,4801
10848,Nazaruddeen Shah,5344
10862,Anwar Abdulla,3959
10872,Santhosh Thomas,3728
10889,Jogee,4385
10905,Subodh Cherthala,4625
10905,Subodh Cherthala,4800
10930,Salim Kechery,4089
10937,Valsalan Vathussery,6005
10938,Arun Shekhar,5137
10940,Rajesh K Abraham,4807
10948,KV VIjayan,4776
10951,Dr K Ambadi,4814
10951,Dr K Ambadi,5542
10958,Jean Paul Lal (Lal Jr.),4685
10958,Jean Paul Lal (Lal Jr.),4990
10958,Jean Paul Lal (Lal Jr.),5444
10989,Naveen Bhaskar,5242
10990,Sooraj Neeraj,4745
11016,Suneesh Neendoor,4203
11031,Danil David,5298
11033,Abhilash N Chandran,6117
11039,3 G,4841
11051,MR Anoopraj,4843
11051,MR Anoopraj,5365
11074,Shambhu Purushothaman,4840
11074,Shambhu Purushothaman,6163
11128,Maneesh Kurup,4903
11148,Murali Krishna,4164
11160,VS Subhash,4576
11164,Sajid Yahiya,5508
11175,Ajith Nambyar,5364
11176,Felix Joseph,4887
11180,Jis Joy,4890
11180,Jis Joy,5471
11180,Jis Joy,5863
11181,Suresh Nair,4889
11187,Francis Thanikal,4892
11203,Pramod Payyanur,5570
11216,Benny Asamsa,5669
11216,Benny Asamsa,6364
11220,Jibin Edavanakkadu,4924
11220,Jibin Edavanakkadu,5617
11246,MB Padmakumar,4937
11252,Riyas,4970
11252,Riyas,5709
11262,Anil Kumar K G,4983
11286,Sasankan,6158
11370,Sudip Kumar,5077
11389,Mushin Parari,5155
11389,Mushin Parari,6061
11414,Thomas Benjamin,5059
11416,Jean Markose,5186
11416,Jean Markose,5511
11436,Chandra Mahesh,5197
11438,Rohith VS,5234
11438,Rohith VS,5747
11439,Sameer Abdul,5234
11439,Sameer Abdul,5747
11456,Pradeepan Mullanezhi,5246
11475,KP Parthasarathy,5268
11488,Sumod Gopu,5269
11525,Shalil Kallur,4562
11525,Shalil Kallur,5148
11534,Payipadu Raju,5026
11534,Payipadu Raju,5812
11568,Anish Urumbil,5102
11572,Sreekumar Sreyas,3961
11593,Jayagopal,4558
11593,Jayagopal,5785
11640,Madhusoodanan,4958
11686,Ajith Poojappura,5319
11686,Ajith Poojappura,5658
11696,Murali Nellanadu,4932
11727,Vinod Ranganath,3249
11738,Gopi Manassery,6190
11769,Joshy Mangalathu,5215
11777,Anoop Daiwa,5361
11795,Ganesh Raj,5362
11798,Julaina Ashraf,5366
11826,Jayan K Saj,5369
11827,Prasanth Azhimala,5369
11833,Sajeev Pazhoor,4810
11833,Sajeev Pazhoor,5370
11833,Sajeev Pazhoor,6014
11842,Haneef Adeni,5376
11842,Haneef Adeni,5675
11842,Haneef Adeni,5828
11843,Anuranjan Premji,5377
11847,Manu,5378
11852,Senna Hegde,5379
11883,Majeed Maranchery,4705
11885,Siju Elamkadu,4705
11894,Haris M Rahman,5229
11896,Elias Kathavan,5104
11903,Jyothish T Kasi,6196
11908,Arun Viswam,5389
11914,Abhijith Ashokan,5389
11958,Girish PC Palam,5393
11963,Sahir Ali,5394
11975,Deepu S Nair,5317
11984,Jay K,5396
12009,Antony Jibin,5400
12011,Domin D Silva,5400
12015,Dr Binu Purushothaman,5399
12029,Vinish Palayad,5404
12037,Ajay Vijay,3759
12049,RJ Shaan,5407
12062,Pradeep M Nair,5410
12074,Sherry,5424
12076,TN Prakash,5424
12108,Prajesh Sen,5425
12130,Gaffoor Y Elliyas,5472
12137,Jayesh Mynagapalli,6255
12187,MG Sajeev,5438
12280,Umesh Omanakkuttan,6263
12291,Tara Ramanujan,5467
12298,Aneesh Hameed,6227
12321,Suresh Thiruvalla,5726
12327,Shibin Francis,5238
12327,Shibin Francis,5437
12327,Shibin Francis,5962
12345,Arun Gopy,5822
12354,Vishakh Punna,5460
12363,Vyasan Sajeev,5405
12367,MR Raghava Warrior,5390
12389,Arun K David,4955
12390,Harikrishnan,4810
12390,Harikrishnan,5480
12401,Prashanth C,5440
12402,E Santhosh Kumar,5440
12409,CH Mohammed,4956
12410,Justin Pathalil,4697
12440,Althaf Salim,5489
12479,Subhash Chandran,3967
12485,TS Arun,6276
12506,Sumeesh Ramakrishnan,5504
12528,Sabu Varghese,5514
12530,Suru G Nair,5514
12533,Sangeeth Jain,5385
12541,Binu Ulahannan,5515
12551,Vincent Vadakkan,5518
12553,John Joseph,5519
12554,Anil Kunjappan,5519
12569,KP Vijayakumar,5521
12571,Arun Sagara ,5524
12577,PS Suresh Babu,5526
12583,Renji Lal Damodaran,5528
12592,Philip Sigi,5452
12598,VR Balagopal,5529
12601,Bejoy Nambiar,5530
12604,Ratheesh Ravi ,5532
12604,Ratheesh Ravi ,6029
12615,Ravi Udyawar,5538
12630,Sharis Mohammed,5539
12630,Sharis Mohammed,5963
12644,Udhayabhanu Maheswaran,5544
12672,Noushad,5523
12682,Rafi Mannar,5599
12694,R Premnath,4758
12712,Shanavas Naranippuzha,5552
12737,Vijeesh Mani,3665
12740,Sreenivasa Moorthy,5553
12773,Vineesh Palayadu,5556
12806,Abraham Mathew,5564
12821,Selvan Thamalam,5568
12832,Arun Vaiga,5569
12839,Raffi Mannar,5599
12876,Jeevan Job Thomas,5573
12919,Santhosh Peringeth,5590
12927,Dr Siju Jawahar,5595
13000,Aashiq Akber Ali,5608
13010,G Ashok,5609
13013,Fawas Mohammed,5501
13017,Shaji MRB,5611
13019,MG Sasidharan,5615
13023,V Prabhakar,5615
13026,Naveen John,5616
13027,Nirmal Sahadev,5581
13027,Nirmal Sahadev,5642
13048,Shibu Raj K,5835
13086,Sarang Jayaprakash,5631
13086,Sarang Jayaprakash,6226
13104,Manoj Varghese Parecattil,5634
13107,Vineesh Millenium,5636
13111,Sajeev Vyasa ,5637
13112,SK Vilwan,5637
13112,SK Vilwan,6125
13116,Zakariya,5639
13145,Aju K Narayanan,6001
13150,Unnikrishnan Avala,5649
13153,Saju Thomas,5650
13164,Rahul Riji Nair,5656
13164,Rahul Riji Nair,5853
13179,VC Abhilash,5663
13191,Ashraf Hamsa,6152
13206,Mridul Nair,5660
13248,Haneef Kechery,5670
13254,Jubith Namradath,5671
13329,Sunil Puveily,5695
13356,Maneesh Joseph,4999
13386,Sudeep E S,5709
13396,Suresh Sankar ,5710
13407,Jayaraj Mithra,5712
13409,Prasobh Vijayan,5714
13467,Don C. Palathara,5720
13477,RK Dreamwest,5721
13478,Winu Ramakrishnan,5722
13487,C S Vinayan,5723
13490,G Vinunath,5723
13497,K Manojkumar,5219
13507,Dr. Ravi Parnasala,5726
13526,Prof. Satheesh Paul ,5729
13572,MC Jithin,5735
13576,Vinod Kumar Kuttamath,5736
13606,Maju,5745
13610,Aadi,5778
13621,Syam Lenin,5748
13643,Emmanuvel N K,5749
13675,Raju Joseph,4994
13684,Makinker Kecheri,5753
13697,Sudheep T George,5755
13705,Riyas Marath,5762
13723,Tony Madathil,5764
13754,Ajithan,5768
13755,Vinod Viswan,5768
13758,M Sajas,5741
13789,Roopesh Bhaskar,5627
13807,Selvaraj Kulakandathil,5781
13820,Hari P Nair,5652
13827,Jefin Joy,5788
13828,Sujan Aaromal,5789
13829,Thanseer,5790
13838,Duglus Alfred,5793
13849,Shahi Kabir,5794
13882,Sathish Tharian,4619
13911,Mani Madhav,5811
13933,Rishi Mamankara,5817
13943,Arun AR,5757
13945,RK Ajaykumar,5819
13958,Mithran Noufaldheen,5825
13958,Mithran Noufaldheen,6020
13984,Padikyal Bhaasi,5827
13992,Binju Joseph,5770
13998,Pramod Kooveri,5830
14033,KC Ajith Namboothiri Guruvayoor,5833
14038,Tomy Kiriyanthan,5628
14043,Vichu Bala,5834
14053,P Parappuram,5836
14075,M Sukumarji,5839
14150,Jagadeep Kumar,5861
14179,Dr Aju K Narayanan,5866
14192,Prem Shankar,5870
14199,Sudhi,5872
14207,Mohanan Nellikkat,5874
14211,PK Sreekumar,5875
14219,Radheesh Nair,5879
14236,AMR Ramesh,5887
14274,Suhas - Sharfu,5791
14276,Ganesh G Nair,5892
14277, Ajith N Nair,5892
14312,Sajin Cherukayil,5907
14322,Sagar Sathyan,5458
14342,Sagar Hari,5891
14343,Dinu Thomas Eelan,5910
14345,Sudheesh Varanadu,5508
14346,Vaisakhan,5911
14354,Jose Sebastine,5913
14365,Shajeer Jaleel,5745
14368,R Jayakumar,5927
14371,Sanilesh Sivan,5915
14380,Dileep Kuryan,5662
14404,Francis Norona,5919
14417,Chithran Vellanchira,5922
14419,Karthik Subhash,5922
14428,SK Sudheesh,5925
14433,Prasanth Vijay,5929
14440,Nikhil Vahid,5933
14547,Rahul Ramachandran,5977
14575,Praveen Prabharam,5979
14585,Jenith Kachappilly,5984
14590,Sivaprasad CG,5983
14592,Vishnu Raj,5983
14716,Santhosh Kallattu,5914
14757,K Satheesh Babu,5786
14758,Thabu Ghosh,5786
14772,Anil Chandrasekhar,6062
14778,Suresh Babu Sreestha,5454
14815,Ahammed Kabeer,6018
14827,Haseena Suneer,6020
14832,Nithin Narayanan,6023
14841,Vineesh Aradya,6026
14845,Jinoy Janardhanan,6027
14846,Jibit George,6027
14881,Surendran Kallur,5261
14893,Prasanth Neel ,6031
14911,Sajas Rahman,6034
14948,Ratheesh Balakrishnan Poduval,6053
14968,Santhakumar,6297
14978,Faizal Koonath,6063
14998,Gokul Koottappana ,6065
15017,K Sreevarma,6069
15029,Jahangir Ummar,6073
15039,Rafeeq Mangalasseri,6075
15045,Arun Bose,6077
15070,Manu Gopal,6024
15075,Ashraf Pilathara,6078
15147,Rajesh - Reshma,5930
15152,Mahi V Raghav,6094
15223,Sudip,6108
15244,Vivek,6118
15293,Dileep Ponnan,5973
15328,Anand Menon,6156
15360,Manaf,5820
15376,Vijaiprakash,6172
15396,KR Sivakumar,6187
15400,Bharat Kamma,6188
15442,Aji Peter Thankam,6197
15467,Girish AD,6214
15474,Anaz Nazeer Khan,6119
15488,SS Jishnu Dev,6216
15491,C Sivakumar,6217
15497,Krishnan C,6200
15541,Mathukutty Xavier,6235
15572,JK Bharavi,6239
15576,Vijayalakshmi Singh,6241
15607,Suvarnan Shooranad,6247
15643,Rajeev Kouthukam,6258
15653,Peter Sajan,6262
15686,Anurag Kashyap,5490
15694,PG Prageesh,6145
15707,AKS Nambiar,6045
15709,Sathar Nabee,6045
15734,Ramesh Pullappally,6279
15767,Gopi Nainar,6302
15785,Priyanka Ravindran,6305
15789,Unni R,6251
15792,Jemin Cyriac,6252
15814,Razi Muhammed,5713
15841,Anoop Sathyan,6323
16331,Raj B Shetty,6152
16528,Jaya Jose Raj,6382
16605,Cathy Rabin,3938
